qseqid	sacc	staxids	sscinames	pident	length	evalue	bitscore	file_src	is_host	is_viral	lineage
Cruci_Cer_JAGYYM010003673	XM_031951684	9305	Sarcophilus harrisii	97.143	35	0.006	60.2	seq0002.tsv	True	False	cellular organisms; Eukaryota; Opisthokonta; Metazoa; Eumetazoa; Bilateria; Deuterostomia; Chordata; Craniata; Vertebrata; Gnathostomata; Teleostomi; Euteleostomi; Sarcopterygii; Dipnotetrapodomorpha; Tetrapoda; Amniota; Mammalia; Theria; Metatheria; Dasyuromorphia; Dasyuridae; Sarcophilus
Cruci_Cer_JAGYYM010003673	XM_072633438	9315	Notamacropus eugenii	97.143	35	0.006	60.2	seq0002.tsv	True	False	cellular organisms; Eukaryota; Opisthokonta; Metazoa; Eumetazoa; Bilateria; Deuterostomia; Chordata; Craniata; Vertebrata; Gnathostomata; Teleostomi; Euteleostomi; Sarcopterygii; Dipnotetrapodomorpha; Tetrapoda; Amniota; Mammalia; Theria; Metatheria; Diprotodontia; Macropodidae; Notamacropus
Cruci_Cer_JAGYYM010003673	XM_069072469	3040969	Petaurus breviceps papuanus	97.143	35	0.006	60.2	seq0002.tsv	True	False	cellular organisms; Eukaryota; Opisthokonta; Metazoa; Eumetazoa; Bilateria; Deuterostomia; Chordata; Craniata; Vertebrata; Gnathostomata; Teleostomi; Euteleostomi; Sarcopterygii; Dipnotetrapodomorpha; Tetrapoda; Amniota; Mammalia; Theria; Metatheria; Diprotodontia; Petauridae; Petaurus; Petaurus breviceps
Cruci_Cer_JAGYYM010003673	XM_027850662	29139	Vombatus ursinus	97.143	35	0.006	60.2	seq0002.tsv	True	False	cellular organisms; Eukaryota; Opisthokonta; Metazoa; Eumetazoa; Bilateria; Deuterostomia; Chordata; Craniata; Vertebrata; Gnathostomata; Teleostomi; Euteleostomi; Sarcopterygii; Dipnotetrapodomorpha; Tetrapoda; Amniota; Mammalia; Theria; Metatheria; Diprotodontia; Vombatidae; Vombatus
Cruci_Cer_JAGYYM010003673	XM_020981451	38626	Phascolarctos cinereus	97.143	35	0.006	60.2	seq0002.tsv	True	False	cellular organisms; Eukaryota; Opisthokonta; Metazoa; Eumetazoa; Bilateria; Deuterostomia; Chordata; Craniata; Vertebrata; Gnathostomata; Teleostomi; Euteleostomi; Sarcopterygii; Dipnotetrapodomorpha; Tetrapoda; Amniota; Mammalia; Theria; Metatheria; Diprotodontia; Phascolarctidae; Phascolarctos
Cruci_Cer_JAGYYM010003673	XM_056812920	13616	Monodelphis domestica	97.143	35	0.006	60.2	seq0002.tsv	True	False	cellular organisms; Eukaryota; Opisthokonta; Metazoa; Eumetazoa; Bilateria; Deuterostomia; Chordata; Craniata; Vertebrata; Gnathostomata; Teleostomi; Euteleostomi; Sarcopterygii; Dipnotetrapodomorpha; Tetrapoda; Amniota; Mammalia; Theria; Metatheria; Didelphimorphia; Didelphidae; Didelphinae; Monodelphis
Cruci_Cer_JAGYYM010003673	XM_051973604	38775	Antechinus flavipes	97.143	35	0.006	60.2	seq0002.tsv	True	False	cellular organisms; Eukaryota; Opisthokonta; Metazoa; Eumetazoa; Bilateria; Deuterostomia; Chordata; Craniata; Vertebrata; Gnathostomata; Teleostomi; Euteleostomi; Sarcopterygii; Dipnotetrapodomorpha; Tetrapoda; Amniota; Mammalia; Theria; Metatheria; Dasyuromorphia; Dasyuridae; Antechinus
Cruci_Cer_JAGYYM010003673	XM_044659636	191870	Gracilinanus agilis	97.143	35	0.006	60.2	seq0002.tsv	True	False	cellular organisms; Eukaryota; Opisthokonta; Metazoa; Eumetazoa; Bilateria; Deuterostomia; Chordata; Craniata; Vertebrata; Gnathostomata; Teleostomi; Euteleostomi; Sarcopterygii; Dipnotetrapodomorpha; Tetrapoda; Amniota; Mammalia; Theria; Metatheria; Didelphimorphia; Didelphidae; Didelphinae; Gracilinanus
Cruci_Cer_JAGYYM010003673	XM_036752916	9337	Trichosurus vulpecula	97.143	35	0.006	60.2	seq0002.tsv	True	False	cellular organisms; Eukaryota; Opisthokonta; Metazoa; Eumetazoa; Bilateria; Deuterostomia; Chordata; Craniata; Vertebrata; Gnathostomata; Teleostomi; Euteleostomi; Sarcopterygii; Dipnotetrapodomorpha; Tetrapoda; Amniota; Mammalia; Theria; Metatheria; Diprotodontia; Phalangeridae; Trichosurus
Cruci_chiv_Airborne_IC2_contig9	OX465113	2723838	Luidia sarsii	95.238	42	0.00012	65.8	seq0004.tsv	True	False	cellular organisms; Eukaryota; Opisthokonta; Metazoa; Eumetazoa; Bilateria; Deuterostomia; Echinodermata; Eleutherozoa; Asterozoa; Asteroidea; Valvatacea; Paxillosida; Luidiidae; Luidia
Cruci_chiv_Airborne_IC2_contig9	OZ234910	3350044	Trebouxia sp. SL0000003	100.0	34	0.000432	63.9	seq0004.tsv	True	False	cellular organisms; Eukaryota; Viridiplantae; Chlorophyta; core chlorophytes; Trebouxiophyceae; Trebouxiales; Trebouxiaceae; Trebouxia; unclassified Trebouxia
Cruci_chiv_Airborne_IC2_contig9	OZ221939	55617	Ophiocomina nigra	100.0	34	0.000432	63.9	seq0004.tsv	True	False	cellular organisms; Eukaryota; Opisthokonta; Metazoa; Eumetazoa; Bilateria; Deuterostomia; Echinodermata; Eleutherozoa; Asterozoa; Ophiuroidea; Myophiuroidea; Metophiurida; Ophintegrida; Amphilepidida; Ophiurina; Gnathophiurina; Ophiactoidea; Ophiocomidae; Ophiocominae; Ophiocomina
Cruci_chiv_Airborne_IC2_contig9	OZ201035	2866284	Bimastos rubidus	100.0	34	0.000432	63.9	seq0004.tsv	True	False	cellular organisms; Eukaryota; Opisthokonta; Metazoa; Eumetazoa; Bilateria; Protostomia; Spiralia; Lophotrochozoa; Annelida; Clitellata; Oligochaeta; Crassiclitellata; Lumbricina; Lumbricidae; Lumbricinae; Bimastos
Cruci_chiv_Airborne_IC2_contig9	OZ194748	2053936	Stigmatoteuthis arcturi	100.0	34	0.000432	63.9	seq0004.tsv	True	False	cellular organisms; Eukaryota; Opisthokonta; Metazoa; Eumetazoa; Bilateria; Protostomia; Spiralia; Lophotrochozoa; Mollusca; Cephalopoda; Coleoidea; Decapodiformes; Oegopsida; Histioteuthidae; Stigmatoteuthis
Cruci_chiv_Airborne_IC2_contig9	OZ066630	106677	Frangula alnus	100.0	34	0.000432	63.9	seq0004.tsv	True	False	cellular organisms; Eukaryota; Viridiplantae; Streptophyta; Streptophytina; Embryophyta; Tracheophyta; Euphyllophyta; Spermatophyta; Magnoliopsida; Mesangiospermae; eudicotyledons; Gunneridae; Pentapetalae; rosids; fabids; Rosales; Rhamnaceae; rhamnoid group; Rhamneae; Frangula
Cruci_chiv_Airborne_IC2_contig9	OY732703	1090481	Gymnoscopelus microlampas	100.0	34	0.000432	63.9	seq0004.tsv	True	False	cellular organisms; Eukaryota; Opisthokonta; Metazoa; Eumetazoa; Bilateria; Deuterostomia; Chordata; Craniata; Vertebrata; Gnathostomata; Teleostomi; Euteleostomi; Actinopterygii; Actinopteri; Neopterygii; Teleostei; Osteoglossocephalai; Clupeocephala; Euteleosteomorpha; Neoteleostei; Eurypterygia; Ctenosquamata; Myctophata; Myctophiformes; Myctophidae; Gymnoscopelus
Cruci_chiv_Airborne_IC2_contig9	OX344763	28468	Rhytidiadelphus loreus	95.122	41	0.000432	63.9	seq0004.tsv	True	False	cellular organisms; Eukaryota; Viridiplantae; Streptophyta; Streptophytina; Embryophyta; Bryophyta; Bryophytina; Bryopsida; Bryidae; Hypnanae; Hypnales; Hylocomiaceae; Rhytidiadelphus
Cruci_chiv_Lake_Bourget_contig37561	CP122002	7227	Drosophila melanogaster	100.0	37	9.96e-06	69.4	seq0012.tsv	True	False	cellular organisms; Eukaryota; Opisthokonta; Metazoa; Eumetazoa; Bilateria; Protostomia; Ecdysozoa; Panarthropoda; Arthropoda; Mandibulata; Pancrustacea; Hexapoda; Insecta; Dicondylia; Pterygota; Neoptera; Endopterygota; Diptera; Brachycera; Muscomorpha; Eremoneura; Cyclorrhapha; Schizophora; Acalyptratae; Ephydroidea; Drosophilidae; Drosophilinae; Drosophilini; Drosophila; Sophophora; melanogaster group; melanogaster subgroup
Cruci_chiv_Lake_Bourget_contig37561	XM_051751473	1198502	Candida theae	100.0	37	9.96e-06	69.4	seq0012.tsv	True	False	cellular organisms; Eukaryota; Opisthokonta; Fungi; Dikarya; Ascomycota; saccharomyceta; Saccharomycotina; Pichiomycetes; Serinales; Debaryomycetaceae; Candida/Lodderomyces clade; Candida
Cruci_chiv_Lake_Bourget_contig37561	XM_047990862	2060973	Purpureocillium takamizusanense	100.0	37	9.96e-06	69.4	seq0012.tsv	True	False	cellular organisms; Eukaryota; Opisthokonta; Fungi; Dikarya; Ascomycota; saccharomyceta; Pezizomycotina; leotiomyceta; sordariomyceta; Sordariomycetes; Hypocreomycetidae; Hypocreales; Ophiocordycipitaceae; Purpureocillium
Cruci_chiv_Lake_Bourget_contig37561	OU611915	362091	Tenthredo notha	100.0	37	9.96e-06	69.4	seq0012.tsv	True	False	cellular organisms; Eukaryota; Opisthokonta; Metazoa; Eumetazoa; Bilateria; Protostomia; Ecdysozoa; Panarthropoda; Arthropoda; Mandibulata; Pancrustacea; Hexapoda; Insecta; Dicondylia; Pterygota; Neoptera; Endopterygota; Hymenoptera; Tenthredinoidea; Tenthredinidae; Tenthredininae; Tenthredo
Cruci_chiv_Lake_Bourget_contig37561	OZ257332	1602974	Symbiodinium tridacnidarum	97.297	37	0.000464	63.9	seq0012.tsv	True	False	cellular organisms; Eukaryota; Sar; Alveolata; Dinophyceae; Suessiales; Symbiodiniaceae; Symbiodinium
Cruci_chiv_Lake_Bourget_contig37561	OZ238864	1046305	Ailoscolex lacteospumosus	97.297	37	0.000464	63.9	seq0012.tsv	True	False	cellular organisms; Eukaryota; Opisthokonta; Metazoa; Eumetazoa; Bilateria; Protostomia; Spiralia; Lophotrochozoa; Annelida; Clitellata; Oligochaeta; Crassiclitellata; Lumbricina; Ailoscolecidae; Ailoscolex
Cruci_chiv_Lake_Bourget_contig37561	OZ018401	77129	Drosophila helvetica	100.0	34	0.000464	63.9	seq0012.tsv	True	False	cellular organisms; Eukaryota; Opisthokonta; Metazoa; Eumetazoa; Bilateria; Protostomia; Ecdysozoa; Panarthropoda; Arthropoda; Mandibulata; Pancrustacea; Hexapoda; Insecta; Dicondylia; Pterygota; Neoptera; Endopterygota; Diptera; Brachycera; Muscomorpha; Eremoneura; Cyclorrhapha; Schizophora; Acalyptratae; Ephydroidea; Drosophilidae; Drosophilinae; Drosophilini; Drosophila; Sophophora; obscura group
Cruci_chiv_Lake_Bourget_contig37561	CP126219	3088	Tetradesmus obliquus	97.297	37	0.000464	63.9	seq0012.tsv	True	False	cellular organisms; Eukaryota; Viridiplantae; Chlorophyta; core chlorophytes; Chlorophyceae; CS clade; Sphaeropleales; Scenedesmaceae; Tetradesmus
Cruci_chiv_Lake_Bourget_contig37561	OW185652	28829	Solea senegalensis	97.297	37	0.000464	63.9	seq0012.tsv	True	False	cellular organisms; Eukaryota; Opisthokonta; Metazoa; Eumetazoa; Bilateria; Deuterostomia; Chordata; Craniata; Vertebrata; Gnathostomata; Teleostomi; Euteleostomi; Actinopterygii; Actinopteri; Neopterygii; Teleostei; Osteoglossocephalai; Clupeocephala; Euteleosteomorpha; Neoteleostei; Eurypterygia; Ctenosquamata; Acanthomorphata; Euacanthomorphacea; Percomorphaceae; Carangaria; Pleuronectiformes; Pleuronectoidei; Soleidae; Solea
Cruci_chiv_Lake_Bourget_contig37561	OU611752	257627	Dunaliella primolecta	97.297	37	0.000464	63.9	seq0012.tsv	True	False	cellular organisms; Eukaryota; Viridiplantae; Chlorophyta; core chlorophytes; Chlorophyceae; CS clade; Chlamydomonadales; Dunaliellaceae; Dunaliella
Cruci_chiv_Lake_Bourget_contig37561	XM_003664552	573729	Thermothelomyces thermophilus ATCC 42464	100.0	34	0.000464	63.9	seq0012.tsv	True	False	cellular organisms; Eukaryota; Opisthokonta; Fungi; Dikarya; Ascomycota; saccharomyceta; Pezizomycotina; leotiomyceta; sordariomyceta; Sordariomycetes; Sordariomycetidae; Sordariales; Chaetomiaceae; Thermothelomyces; Thermothelomyces thermophilus
Cruci_chiv_Lake_Bourget_contig37561	OZ228916	210355	Epilobium hirsutum	97.222	36	0.002	62.1	seq0012.tsv	True	False	cellular organisms; Eukaryota; Viridiplantae; Streptophyta; Streptophytina; Embryophyta; Tracheophyta; Euphyllophyta; Spermatophyta; Magnoliopsida; Mesangiospermae; eudicotyledons; Gunneridae; Pentapetalae; rosids; malvids; Myrtales; Onagraceae; Onagroideae; Epilobieae; Epilobium
Cruci_chiv_Lake_Bourget_contig37561	OX392563	3555	Beta vulgaris subsp. vulgaris	97.222	36	0.002	62.1	seq0012.tsv	True	False	cellular organisms; Eukaryota; Viridiplantae; Streptophyta; Streptophytina; Embryophyta; Tracheophyta; Euphyllophyta; Spermatophyta; Magnoliopsida; Mesangiospermae; eudicotyledons; Gunneridae; Pentapetalae; Caryophyllales; Chenopodiaceae; Betoideae; Beta; Beta vulgaris
Cruci_chiv_Lake_Bourget_contig37561	OX030911	43151	Anopheles darlingi	97.222	36	0.002	62.1	seq0012.tsv	True	False	cellular organisms; Eukaryota; Opisthokonta; Metazoa; Eumetazoa; Bilateria; Protostomia; Ecdysozoa; Panarthropoda; Arthropoda; Mandibulata; Pancrustacea; Hexapoda; Insecta; Dicondylia; Pterygota; Neoptera; Endopterygota; Diptera; Nematocera; Culicomorpha; Culicoidea; Culicidae; Anophelinae; Anopheles; Nyssorhynchus; argyritarsis section; argyritarsis series; darlingi group
Cruci_chiv_Lake_Bourget_contig37561	OY744502	55410	Pseudopediastrum boryanum	97.143	35	0.006	60.2	seq0012.tsv	True	False	cellular organisms; Eukaryota; Viridiplantae; Chlorophyta; core chlorophytes; Chlorophyceae; CS clade; Sphaeropleales; Hydrodictyaceae; Pseudopediastrum
Cruci_chiv_Lake_Bourget_contig37561	CP062048	159736	Macrobrachium nipponense	100.0	32	0.006	60.2	seq0012.tsv	True	False	cellular organisms; Eukaryota; Opisthokonta; Metazoa; Eumetazoa; Bilateria; Protostomia; Ecdysozoa; Panarthropoda; Arthropoda; Mandibulata; Pancrustacea; Crustacea; Multicrustacea; Malacostraca; Eumalacostraca; Eucarida; Decapoda; Pleocyemata; Caridea; Palaemonoidea; Palaemonidae; Macrobrachium
Cruci_chiv_Lake_Pavin_contig403	OZ024776	274346	Stenichneumon culpator	100.0	35	0.000149	65.8	seq0013.tsv	True	False	cellular organisms; Eukaryota; Opisthokonta; Metazoa; Eumetazoa; Bilateria; Protostomia; Ecdysozoa; Panarthropoda; Arthropoda; Mandibulata; Pancrustacea; Hexapoda; Insecta; Dicondylia; Pterygota; Neoptera; Endopterygota; Hymenoptera; Apocrita; Ichneumonoidea; Ichneumonidae; Ichneumoninae; Ichneumonini; Stenichneumon
Cruci_chiv_Lake_Pavin_contig403	OY294015	2884240	Exephanes ischioxanthus	100.0	35	0.000149	65.8	seq0013.tsv	True	False	cellular organisms; Eukaryota; Opisthokonta; Metazoa; Eumetazoa; Bilateria; Protostomia; Ecdysozoa; Panarthropoda; Arthropoda; Mandibulata; Pancrustacea; Hexapoda; Insecta; Dicondylia; Pterygota; Neoptera; Endopterygota; Hymenoptera; Apocrita; Ichneumonoidea; Ichneumonidae; Ichneumoninae; Ichneumonini; Exephanes
Cruci_chiv_Lake_Pavin_contig403	OW121687	231887	Amblyteles armatorius	100.0	35	0.000149	65.8	seq0013.tsv	True	False	cellular organisms; Eukaryota; Opisthokonta; Metazoa; Eumetazoa; Bilateria; Protostomia; Ecdysozoa; Panarthropoda; Arthropoda; Mandibulata; Pancrustacea; Hexapoda; Insecta; Dicondylia; Pterygota; Neoptera; Endopterygota; Hymenoptera; Apocrita; Ichneumonoidea; Ichneumonidae; Ichneumoninae; Ichneumonini; Amblyteles
Cruci_chiv_Lake_Pavin_contig403	OZ238488	30423	Coloeus monedula	100.0	34	0.000536	63.9	seq0013.tsv	True	False	cellular organisms; Eukaryota; Opisthokonta; Metazoa; Eumetazoa; Bilateria; Deuterostomia; Chordata; Craniata; Vertebrata; Gnathostomata; Teleostomi; Euteleostomi; Sarcopterygii; Dipnotetrapodomorpha; Tetrapoda; Amniota; Sauropsida; Sauria; Archelosauria; Archosauria; Dinosauria; Saurischia; Theropoda; Coelurosauria; Aves; Neognathae; Neoaves; Telluraves; Australaves; Passeriformes; Corvoidea; Corvidae; Coloeus
Cruci_chiv_Lake_Pavin_contig403	OZ228796	37598	Fringilla coelebs	100.0	34	0.000536	63.9	seq0013.tsv	True	False	cellular organisms; Eukaryota; Opisthokonta; Metazoa; Eumetazoa; Bilateria; Deuterostomia; Chordata; Craniata; Vertebrata; Gnathostomata; Teleostomi; Euteleostomi; Sarcopterygii; Dipnotetrapodomorpha; Tetrapoda; Amniota; Sauropsida; Sauria; Archelosauria; Archosauria; Dinosauria; Saurischia; Theropoda; Coelurosauria; Aves; Neognathae; Neoaves; Telluraves; Australaves; Passeriformes; Passeroidea; Fringillidae; Fringillinae; Fringilla
Cruci_chiv_Lake_Pavin_contig403	OZ203523	166086	Hemorrhois hippocrepis	91.489	47	0.000536	63.9	seq0013.tsv	True	False	cellular organisms; Eukaryota; Opisthokonta; Metazoa; Eumetazoa; Bilateria; Deuterostomia; Chordata; Craniata; Vertebrata; Gnathostomata; Teleostomi; Euteleostomi; Sarcopterygii; Dipnotetrapodomorpha; Tetrapoda; Amniota; Sauropsida; Sauria; Lepidosauria; Squamata; Bifurcata; Unidentata; Episquamata; Toxicofera; Serpentes; Colubroidea; Colubridae; Colubrinae; Hemorrhois
Cruci_chiv_Lake_Pavin_contig403	CP165674	155063	Leuciscus waleckii	97.297	37	0.000536	63.9	seq0013.tsv	True	False	cellular organisms; Eukaryota; Opisthokonta; Metazoa; Eumetazoa; Bilateria; Deuterostomia; Chordata; Craniata; Vertebrata; Gnathostomata; Teleostomi; Euteleostomi; Actinopterygii; Actinopteri; Neopterygii; Teleostei; Osteoglossocephalai; Clupeocephala; Otomorpha; Ostariophysi; Otophysi; Cypriniphysae; Cypriniformes; Cyprinoidei; Leuciscidae; Leuciscinae; Leuciscus
Cruci_chiv_Lake_Pavin_contig403	OZ077237	54556	Alburnus alburnus	97.297	37	0.000536	63.9	seq0013.tsv	True	False	cellular organisms; Eukaryota; Opisthokonta; Metazoa; Eumetazoa; Bilateria; Deuterostomia; Chordata; Craniata; Vertebrata; Gnathostomata; Teleostomi; Euteleostomi; Actinopterygii; Actinopteri; Neopterygii; Teleostei; Osteoglossocephalai; Clupeocephala; Otomorpha; Ostariophysi; Otophysi; Cypriniphysae; Cypriniformes; Cyprinoidei; Leuciscidae; Leuciscinae; Alburnus
Cruci_chiv_Lake_Pavin_contig403	OZ025903	27933	Sycon ciliatum	97.297	37	0.000536	63.9	seq0013.tsv	True	False	cellular organisms; Eukaryota; Opisthokonta; Metazoa; Porifera; Calcarea; Calcaronea; Leucosolenida; Sycettidae; Sycon
Cruci_chiv_Lake_Pavin_contig403	CP100570	9031	Gallus gallus	97.297	37	0.000536	63.9	seq0013.tsv	True	False	cellular organisms; Eukaryota; Opisthokonta; Metazoa; Eumetazoa; Bilateria; Deuterostomia; Chordata; Craniata; Vertebrata; Gnathostomata; Teleostomi; Euteleostomi; Sarcopterygii; Dipnotetrapodomorpha; Tetrapoda; Amniota; Sauropsida; Sauria; Archelosauria; Archosauria; Dinosauria; Saurischia; Theropoda; Coelurosauria; Aves; Neognathae; Galloanserae; Galliformes; Phasianidae; Phasianinae; Gallus
Cruci_chiv_Lake_Pavin_contig403	OX392451	2922063	Coelioxys conoideus	97.297	37	0.000536	63.9	seq0013.tsv	True	False	cellular organisms; Eukaryota; Opisthokonta; Metazoa; Eumetazoa; Bilateria; Protostomia; Ecdysozoa; Panarthropoda; Arthropoda; Mandibulata; Pancrustacea; Hexapoda; Insecta; Dicondylia; Pterygota; Neoptera; Endopterygota; Hymenoptera; Apocrita; Aculeata; Apoidea; Anthophila; Megachilidae; Megachilinae; Megachilini; Coelioxys
Cruci_chiv_Lake_Pavin_contig403	CP111014	6604	Mya arenaria	97.297	37	0.000536	63.9	seq0013.tsv	True	False	cellular organisms; Eukaryota; Opisthokonta; Metazoa; Eumetazoa; Bilateria; Protostomia; Spiralia; Lophotrochozoa; Mollusca; Bivalvia; Autobranchia; Heteroconchia; Euheterodonta; Imparidentia; Neoheterodontei; Myida; Myoidea; Myidae; Mya
Cruci_chiv_Lake_Pavin_contig403	OZ239002	928672	Pyrrhula murina	97.222	36	0.002	62.1	seq0013.tsv	True	False	cellular organisms; Eukaryota; Opisthokonta; Metazoa; Eumetazoa; Bilateria; Deuterostomia; Chordata; Craniata; Vertebrata; Gnathostomata; Teleostomi; Euteleostomi; Sarcopterygii; Dipnotetrapodomorpha; Tetrapoda; Amniota; Sauropsida; Sauria; Archelosauria; Archosauria; Dinosauria; Saurischia; Theropoda; Coelurosauria; Aves; Neognathae; Neoaves; Telluraves; Australaves; Passeriformes; Passeroidea; Fringillidae; Carduelinae; Pyrrhula
Cruci_chiv_Lake_Pavin_contig403	OZ228658	50251	Sitta europaea	94.872	39	0.002	62.1	seq0013.tsv	True	False	cellular organisms; Eukaryota; Opisthokonta; Metazoa; Eumetazoa; Bilateria; Deuterostomia; Chordata; Craniata; Vertebrata; Gnathostomata; Teleostomi; Euteleostomi; Sarcopterygii; Dipnotetrapodomorpha; Tetrapoda; Amniota; Sauropsida; Sauria; Archelosauria; Archosauria; Dinosauria; Saurischia; Theropoda; Coelurosauria; Aves; Neognathae; Neoaves; Telluraves; Australaves; Passeriformes; Sittidae; Sitta
Cruci_chiv_Lake_Pavin_contig403	OZ077315	204384	Gorgonia ventalina	95.0	40	0.002	62.1	seq0013.tsv	True	False	cellular organisms; Eukaryota; Opisthokonta; Metazoa; Eumetazoa; Cnidaria; Anthozoa; Octocorallia; Malacalcyonacea; Gorgoniidae; Gorgonia
Cruci_chiv_Lake_Pavin_contig403	OV277351	1219204	Sicus ferrugineus	92.857	42	0.002	62.1	seq0013.tsv	True	False	cellular organisms; Eukaryota; Opisthokonta; Metazoa; Eumetazoa; Bilateria; Protostomia; Ecdysozoa; Panarthropoda; Arthropoda; Mandibulata; Pancrustacea; Hexapoda; Insecta; Dicondylia; Pterygota; Neoptera; Endopterygota; Diptera; Brachycera; Muscomorpha; Eremoneura; Cyclorrhapha; Schizophora; Acalyptratae; Conopoidea; Conopidae; Myopinae; Sicus
Cruci_chiv_Lake_Pavin_contig403	LR812109	37610	Erithacus rubecula	97.143	35	0.007	60.2	seq0013.tsv	True	False	cellular organisms; Eukaryota; Opisthokonta; Metazoa; Eumetazoa; Bilateria; Deuterostomia; Chordata; Craniata; Vertebrata; Gnathostomata; Teleostomi; Euteleostomi; Sarcopterygii; Dipnotetrapodomorpha; Tetrapoda; Amniota; Sauropsida; Sauria; Archelosauria; Archosauria; Dinosauria; Saurischia; Theropoda; Coelurosauria; Aves; Neognathae; Neoaves; Telluraves; Australaves; Passeriformes; Turdidae; Erithacus
Cruci_chiv_Lake_Pavin_contig403	OZ251429	257540	Gobiusculus flavescens	97.143	35	0.007	60.2	seq0013.tsv	True	False	cellular organisms; Eukaryota; Opisthokonta; Metazoa; Eumetazoa; Bilateria; Deuterostomia; Chordata; Craniata; Vertebrata; Gnathostomata; Teleostomi; Euteleostomi; Actinopterygii; Actinopteri; Neopterygii; Teleostei; Osteoglossocephalai; Clupeocephala; Euteleosteomorpha; Neoteleostei; Eurypterygia; Ctenosquamata; Acanthomorphata; Euacanthomorphacea; Percomorphaceae; Gobiaria; Gobiiformes; Gobioidei; Gobiidae; Gobiinae; Gobiusculus
Cruci_chiv_Lake_Pavin_contig403	OZ246519	100859	Vanellus vanellus	97.143	35	0.007	60.2	seq0013.tsv	True	False	cellular organisms; Eukaryota; Opisthokonta; Metazoa; Eumetazoa; Bilateria; Deuterostomia; Chordata; Craniata; Vertebrata; Gnathostomata; Teleostomi; Euteleostomi; Sarcopterygii; Dipnotetrapodomorpha; Tetrapoda; Amniota; Sauropsida; Sauria; Archelosauria; Archosauria; Dinosauria; Saurischia; Theropoda; Coelurosauria; Aves; Neognathae; Neoaves; Charadriiformes; Charadriidae; Vanellus
Cruci_chiv_Lake_Pavin_contig403	OZ246491	43581	Zosterops lateralis	97.143	35	0.007	60.2	seq0013.tsv	True	False	cellular organisms; Eukaryota; Opisthokonta; Metazoa; Eumetazoa; Bilateria; Deuterostomia; Chordata; Craniata; Vertebrata; Gnathostomata; Teleostomi; Euteleostomi; Sarcopterygii; Dipnotetrapodomorpha; Tetrapoda; Amniota; Sauropsida; Sauria; Archelosauria; Archosauria; Dinosauria; Saurischia; Theropoda; Coelurosauria; Aves; Neognathae; Neoaves; Telluraves; Australaves; Passeriformes; Sylvioidea; Zosteropidae; Zosterops
Cruci_chiv_Lake_Pavin_contig403	OZ245216	9049	Pavo cristatus	97.143	35	0.007	60.2	seq0013.tsv	True	False	cellular organisms; Eukaryota; Opisthokonta; Metazoa; Eumetazoa; Bilateria; Deuterostomia; Chordata; Craniata; Vertebrata; Gnathostomata; Teleostomi; Euteleostomi; Sarcopterygii; Dipnotetrapodomorpha; Tetrapoda; Amniota; Sauropsida; Sauria; Archelosauria; Archosauria; Dinosauria; Saurischia; Theropoda; Coelurosauria; Aves; Neognathae; Galloanserae; Galliformes; Phasianidae; Phasianinae; Pavo
Cruci_chiv_Lake_Pavin_contig403	OZ238769	9079	Alectoris rufa	97.143	35	0.007	60.2	seq0013.tsv	True	False	cellular organisms; Eukaryota; Opisthokonta; Metazoa; Eumetazoa; Bilateria; Deuterostomia; Chordata; Craniata; Vertebrata; Gnathostomata; Teleostomi; Euteleostomi; Sarcopterygii; Dipnotetrapodomorpha; Tetrapoda; Amniota; Sauropsida; Sauria; Archelosauria; Archosauria; Dinosauria; Saurischia; Theropoda; Coelurosauria; Aves; Neognathae; Galloanserae; Galliformes; Phasianidae; Perdicinae; Alectoris
Cruci_chiv_Lake_Pavin_contig403	XM_029776097	8032	Salmo trutta	97.143	35	0.007	60.2	seq0013.tsv	True	False	cellular organisms; Eukaryota; Opisthokonta; Metazoa; Eumetazoa; Bilateria; Deuterostomia; Chordata; Craniata; Vertebrata; Gnathostomata; Teleostomi; Euteleostomi; Actinopterygii; Actinopteri; Neopterygii; Teleostei; Osteoglossocephalai; Clupeocephala; Euteleosteomorpha; Protacanthopterygii; Salmoniformes; Salmonidae; Salmoninae; Salmo
Cruci_chiv_Lake_Pavin_contig403	LR597447	181472	Salarias fasciatus	97.143	35	0.007	60.2	seq0013.tsv	True	False	cellular organisms; Eukaryota; Opisthokonta; Metazoa; Eumetazoa; Bilateria; Deuterostomia; Chordata; Craniata; Vertebrata; Gnathostomata; Teleostomi; Euteleostomi; Actinopterygii; Actinopteri; Neopterygii; Teleostei; Osteoglossocephalai; Clupeocephala; Euteleosteomorpha; Neoteleostei; Eurypterygia; Ctenosquamata; Acanthomorphata; Euacanthomorphacea; Percomorphaceae; Ovalentaria; Blenniimorphae; Blenniiformes; Blennioidei; Blenniidae; Salariinae; Salarias
Cruci_chiv_Lake_Pavin_contig403	OZ229128	65485	Podarcis tiliguerta	97.143	35	0.007	60.2	seq0013.tsv	True	False	cellular organisms; Eukaryota; Opisthokonta; Metazoa; Eumetazoa; Bilateria; Deuterostomia; Chordata; Craniata; Vertebrata; Gnathostomata; Teleostomi; Euteleostomi; Sarcopterygii; Dipnotetrapodomorpha; Tetrapoda; Amniota; Sauropsida; Sauria; Lepidosauria; Squamata; Bifurcata; Unidentata; Episquamata; Laterata; Lacertibaenia; Lacertidae; Lacertinae; Podarcis
Cruci_chiv_Lake_Pavin_contig403	OZ228757	160760	Spinus spinus	100.0	32	0.007	60.2	seq0013.tsv	True	False	cellular organisms; Eukaryota; Opisthokonta; Metazoa; Eumetazoa; Bilateria; Deuterostomia; Chordata; Craniata; Vertebrata; Gnathostomata; Teleostomi; Euteleostomi; Sarcopterygii; Dipnotetrapodomorpha; Tetrapoda; Amniota; Sauropsida; Sauria; Archelosauria; Archosauria; Dinosauria; Saurischia; Theropoda; Coelurosauria; Aves; Neognathae; Neoaves; Telluraves; Australaves; Passeriformes; Passeroidea; Fringillidae; Carduelinae; Spinus
Cruci_chiv_Lake_Pavin_contig403	OZ222654	84402	Sepietta obscura	97.143	35	0.007	60.2	seq0013.tsv	True	False	cellular organisms; Eukaryota; Opisthokonta; Metazoa; Eumetazoa; Bilateria; Protostomia; Spiralia; Lophotrochozoa; Mollusca; Cephalopoda; Coleoidea; Decapodiformes; Sepiida; Sepiolidae; Sepiolinae; Sepietta
Cruci_chiv_Lake_Pavin_contig403	OZ220371	140051	Podarcis vaucheri	97.143	35	0.007	60.2	seq0013.tsv	True	False	cellular organisms; Eukaryota; Opisthokonta; Metazoa; Eumetazoa; Bilateria; Deuterostomia; Chordata; Craniata; Vertebrata; Gnathostomata; Teleostomi; Euteleostomi; Sarcopterygii; Dipnotetrapodomorpha; Tetrapoda; Amniota; Sauropsida; Sauria; Lepidosauria; Squamata; Bifurcata; Unidentata; Episquamata; Laterata; Lacertibaenia; Lacertidae; Lacertinae; Podarcis
Cruci_chiv_Lake_Pavin_contig403	OZ218109	662736	Podarcis liolepis	97.143	35	0.007	60.2	seq0013.tsv	True	False	cellular organisms; Eukaryota; Opisthokonta; Metazoa; Eumetazoa; Bilateria; Deuterostomia; Chordata; Craniata; Vertebrata; Gnathostomata; Teleostomi; Euteleostomi; Sarcopterygii; Dipnotetrapodomorpha; Tetrapoda; Amniota; Sauropsida; Sauria; Lepidosauria; Squamata; Bifurcata; Unidentata; Episquamata; Laterata; Lacertibaenia; Lacertidae; Lacertinae; Podarcis
Cruci_chiv_Lake_Pavin_contig403	OZ194480	60953	Placobdella costata	97.143	35	0.007	60.2	seq0013.tsv	True	False	cellular organisms; Eukaryota; Opisthokonta; Metazoa; Eumetazoa; Bilateria; Protostomia; Spiralia; Lophotrochozoa; Annelida; Clitellata; Hirudinea; Rhynchobdellida; Glossiphoniidae; Placobdella
Cruci_chiv_Lake_Pavin_contig403	OZ077030	90520	Podarcis bocagei	97.143	35	0.007	60.2	seq0013.tsv	True	False	cellular organisms; Eukaryota; Opisthokonta; Metazoa; Eumetazoa; Bilateria; Deuterostomia; Chordata; Craniata; Vertebrata; Gnathostomata; Teleostomi; Euteleostomi; Sarcopterygii; Dipnotetrapodomorpha; Tetrapoda; Amniota; Sauropsida; Sauria; Lepidosauria; Squamata; Bifurcata; Unidentata; Episquamata; Laterata; Lacertibaenia; Lacertidae; Lacertinae; Podarcis
Cruci_chiv_Lake_Pavin_contig403	OZ067106	40816	Grus grus	97.143	35	0.007	60.2	seq0013.tsv	True	False	cellular organisms; Eukaryota; Opisthokonta; Metazoa; Eumetazoa; Bilateria; Deuterostomia; Chordata; Craniata; Vertebrata; Gnathostomata; Teleostomi; Euteleostomi; Sarcopterygii; Dipnotetrapodomorpha; Tetrapoda; Amniota; Sauropsida; Sauria; Archelosauria; Archosauria; Dinosauria; Saurischia; Theropoda; Coelurosauria; Aves; Neognathae; Neoaves; Gruiformes; Gruidae; Grus
Cruci_chiv_Lake_Pavin_contig403	OZ066920	90521	Podarcis gaigeae	97.143	35	0.007	60.2	seq0013.tsv	True	False	cellular organisms; Eukaryota; Opisthokonta; Metazoa; Eumetazoa; Bilateria; Deuterostomia; Chordata; Craniata; Vertebrata; Gnathostomata; Teleostomi; Euteleostomi; Sarcopterygii; Dipnotetrapodomorpha; Tetrapoda; Amniota; Sauropsida; Sauria; Lepidosauria; Squamata; Bifurcata; Unidentata; Episquamata; Laterata; Lacertibaenia; Lacertidae; Lacertinae; Podarcis
Cruci_chiv_Lake_Pavin_contig403	OZ038002	262591	Porites rus	97.143	35	0.007	60.2	seq0013.tsv	True	False	cellular organisms; Eukaryota; Opisthokonta; Metazoa; Eumetazoa; Cnidaria; Anthozoa; Hexacorallia; Scleractinia; Fungiina; Poritidae; Porites
Cruci_chiv_Lake_Pavin_contig403	HG999704	9103	Meleagris gallopavo	97.143	35	0.007	60.2	seq0013.tsv	True	False	cellular organisms; Eukaryota; Opisthokonta; Metazoa; Eumetazoa; Bilateria; Deuterostomia; Chordata; Craniata; Vertebrata; Gnathostomata; Teleostomi; Euteleostomi; Sarcopterygii; Dipnotetrapodomorpha; Tetrapoda; Amniota; Sauropsida; Sauria; Archelosauria; Archosauria; Dinosauria; Saurischia; Theropoda; Coelurosauria; Aves; Neognathae; Galloanserae; Galliformes; Phasianidae; Meleagridinae; Meleagris
Cruci_chiv_Lake_Pavin_contig403	OZ025256	6344	Arenicola marina	100.0	32	0.007	60.2	seq0013.tsv	True	False	cellular organisms; Eukaryota; Opisthokonta; Metazoa; Eumetazoa; Bilateria; Protostomia; Spiralia; Lophotrochozoa; Annelida; Polychaeta; Sedentaria; Scolecida; Arenicolidae; Arenicola
Cruci_chiv_Lake_Pavin_contig403	OZ020170	662494	Sussaba pulchella	97.143	35	0.007	60.2	seq0013.tsv	True	False	cellular organisms; Eukaryota; Opisthokonta; Metazoa; Eumetazoa; Bilateria; Protostomia; Ecdysozoa; Panarthropoda; Arthropoda; Mandibulata; Pancrustacea; Hexapoda; Insecta; Dicondylia; Pterygota; Neoptera; Endopterygota; Hymenoptera; Apocrita; Ichneumonoidea; Ichneumonidae; Diplazontinae; Sussaba
Cruci_chiv_Lake_Pavin_contig403	OY998231	1905387	Amblyjoppa proteus	97.143	35	0.007	60.2	seq0013.tsv	True	False	cellular organisms; Eukaryota; Opisthokonta; Metazoa; Eumetazoa; Bilateria; Protostomia; Ecdysozoa; Panarthropoda; Arthropoda; Mandibulata; Pancrustacea; Hexapoda; Insecta; Dicondylia; Pterygota; Neoptera; Endopterygota; Hymenoptera; Apocrita; Ichneumonoidea; Ichneumonidae; Ichneumoninae; Heresiarchini; Amblyjoppa
Cruci_chiv_Lake_Pavin_contig403	OY759694	127875	Cinclus cinclus	97.143	35	0.007	60.2	seq0013.tsv	True	False	cellular organisms; Eukaryota; Opisthokonta; Metazoa; Eumetazoa; Bilateria; Deuterostomia; Chordata; Craniata; Vertebrata; Gnathostomata; Teleostomi; Euteleostomi; Sarcopterygii; Dipnotetrapodomorpha; Tetrapoda; Amniota; Sauropsida; Sauria; Archelosauria; Archosauria; Dinosauria; Saurischia; Theropoda; Coelurosauria; Aves; Neognathae; Neoaves; Telluraves; Australaves; Passeriformes; Cinclidae; Cinclus
Cruci_chiv_Lake_Pavin_contig403	OY754490	2867249	Amblyjoppa fuscipennis	97.143	35	0.007	60.2	seq0013.tsv	True	False	cellular organisms; Eukaryota; Opisthokonta; Metazoa; Eumetazoa; Bilateria; Protostomia; Ecdysozoa; Panarthropoda; Arthropoda; Mandibulata; Pancrustacea; Hexapoda; Insecta; Dicondylia; Pterygota; Neoptera; Endopterygota; Hymenoptera; Apocrita; Ichneumonoidea; Ichneumonidae; Ichneumoninae; Heresiarchini; Amblyjoppa
Cruci_chiv_Lake_Pavin_contig403	OY740812	223862	Raja brachyura	97.143	35	0.007	60.2	seq0013.tsv	True	False	cellular organisms; Eukaryota; Opisthokonta; Metazoa; Eumetazoa; Bilateria; Deuterostomia; Chordata; Craniata; Vertebrata; Gnathostomata; Chondrichthyes; Elasmobranchii; Batoidea; Rajiformes; Rajidae; Raja
Cruci_chiv_Lake_Pavin_contig403	OY560184	934816	Perizoma affinitatum	97.143	35	0.007	60.2	seq0013.tsv	True	False	cellular organisms; Eukaryota; Opisthokonta; Metazoa; Eumetazoa; Bilateria; Protostomia; Ecdysozoa; Panarthropoda; Arthropoda; Mandibulata; Pancrustacea; Hexapoda; Insecta; Dicondylia; Pterygota; Neoptera; Endopterygota; Amphiesmenoptera; Lepidoptera; Glossata; Neolepidoptera; Heteroneura; Ditrysia; Obtectomera; Geometroidea; Geometridae; Larentiinae; Perizoma
Cruci_chiv_Lake_Pavin_contig403	OX940899	722659	Cabera pusaria	97.143	35	0.007	60.2	seq0013.tsv	True	False	cellular organisms; Eukaryota; Opisthokonta; Metazoa; Eumetazoa; Bilateria; Protostomia; Ecdysozoa; Panarthropoda; Arthropoda; Mandibulata; Pancrustacea; Hexapoda; Insecta; Dicondylia; Pterygota; Neoptera; Endopterygota; Amphiesmenoptera; Lepidoptera; Glossata; Neolepidoptera; Heteroneura; Ditrysia; Obtectomera; Geometroidea; Geometridae; Ennominae; Cabera
Cruci_chiv_Lake_Pavin_contig403	OX940807	66205	Acer campestre	97.143	35	0.007	60.2	seq0013.tsv	True	False	cellular organisms; Eukaryota; Viridiplantae; Streptophyta; Streptophytina; Embryophyta; Tracheophyta; Euphyllophyta; Spermatophyta; Magnoliopsida; Mesangiospermae; eudicotyledons; Gunneridae; Pentapetalae; rosids; malvids; Sapindales; Sapindaceae; Hippocastanoideae; Acereae; Acer
Cruci_chiv_Lake_Pavin_contig403	OX596322	100830	Tetrao urogallus	97.143	35	0.007	60.2	seq0013.tsv	True	False	cellular organisms; Eukaryota; Opisthokonta; Metazoa; Eumetazoa; Bilateria; Deuterostomia; Chordata; Craniata; Vertebrata; Gnathostomata; Teleostomi; Euteleostomi; Sarcopterygii; Dipnotetrapodomorpha; Tetrapoda; Amniota; Sauropsida; Sauria; Archelosauria; Archosauria; Dinosauria; Saurischia; Theropoda; Coelurosauria; Aves; Neognathae; Galloanserae; Galliformes; Phasianidae; Tetraoninae; Tetrao
Cruci_chiv_Lake_Pavin_contig403	OX638401	1271728	Limnephilus auricula	91.111	45	0.007	60.2	seq0013.tsv	True	False	cellular organisms; Eukaryota; Opisthokonta; Metazoa; Eumetazoa; Bilateria; Protostomia; Ecdysozoa; Panarthropoda; Arthropoda; Mandibulata; Pancrustacea; Hexapoda; Insecta; Dicondylia; Pterygota; Neoptera; Endopterygota; Amphiesmenoptera; Trichoptera; Integripalpia; Plenitentoria; Limnephiloidea; Limnephilidae; Limnephilinae; Limnephilini; Limnephilus
Cruci_chiv_Lake_Pavin_contig403	OX465210	473354	Borostomias antarcticus	97.143	35	0.007	60.2	seq0013.tsv	True	False	cellular organisms; Eukaryota; Opisthokonta; Metazoa; Eumetazoa; Bilateria; Deuterostomia; Chordata; Craniata; Vertebrata; Gnathostomata; Teleostomi; Euteleostomi; Actinopterygii; Actinopteri; Neopterygii; Teleostei; Osteoglossocephalai; Clupeocephala; Euteleosteomorpha; Stomiati; Stomiiformes; Stomiidae; Astronesthinae; Borostomias
Cruci_chiv_Lake_Pavin_contig403	CP117200	3024247	Pantoea sp. SS70	94.872	39	0.007	60.2	seq0013.tsv	True	False	cellular organisms; Bacteria; Pseudomonadati; Pseudomonadota; Gammaproteobacteria; Enterobacterales; Erwiniaceae; Pantoea; unclassified Pantoea
Cruci_chiv_Lake_Pavin_contig403	OX276457	204949	Cryptocephalus moraei	97.143	35	0.007	60.2	seq0013.tsv	True	False	cellular organisms; Eukaryota; Opisthokonta; Metazoa; Eumetazoa; Bilateria; Protostomia; Ecdysozoa; Panarthropoda; Arthropoda; Mandibulata; Pancrustacea; Hexapoda; Insecta; Dicondylia; Pterygota; Neoptera; Endopterygota; Coleoptera; Polyphaga; Cucujiformia; Chrysomeloidea; Chrysomelidae; Cryptocephalinae; Cryptocephalus
Cruci_chiv_Lake_Pavin_contig403	OV121075	2014036	Nemoura dubitans	97.143	35	0.007	60.2	seq0013.tsv	True	False	cellular organisms; Eukaryota; Opisthokonta; Metazoa; Eumetazoa; Bilateria; Protostomia; Ecdysozoa; Panarthropoda; Arthropoda; Mandibulata; Pancrustacea; Hexapoda; Insecta; Dicondylia; Pterygota; Neoptera; Polyneoptera; Plecoptera; Nemouroidea; Nemouridae; Nemourinae; Nemoura
Cruci_chiv_Lake_Pavin_contig403	OU824203	2795680	Ichneumon xanthorius	97.143	35	0.007	60.2	seq0013.tsv	True	False	cellular organisms; Eukaryota; Opisthokonta; Metazoa; Eumetazoa; Bilateria; Protostomia; Ecdysozoa; Panarthropoda; Arthropoda; Mandibulata; Pancrustacea; Hexapoda; Insecta; Dicondylia; Pterygota; Neoptera; Endopterygota; Hymenoptera; Apocrita; Ichneumonoidea; Ichneumonidae; Ichneumoninae; Ichneumonini; Ichneumon
Cruci_chiv_Lake_Pavin_contig403	OU383796	126889	Acrocephalus scirpaceus scirpaceus	97.143	35	0.007	60.2	seq0013.tsv	True	False	cellular organisms; Eukaryota; Opisthokonta; Metazoa; Eumetazoa; Bilateria; Deuterostomia; Chordata; Craniata; Vertebrata; Gnathostomata; Teleostomi; Euteleostomi; Sarcopterygii; Dipnotetrapodomorpha; Tetrapoda; Amniota; Sauropsida; Sauria; Archelosauria; Archosauria; Dinosauria; Saurischia; Theropoda; Coelurosauria; Aves; Neognathae; Neoaves; Telluraves; Australaves; Passeriformes; Sylvioidea; Sylviidae; Acrocephalinae; Acrocephalus; Acrocephalus scirpaceus
Cruci_chiv_Lake_Pavin_contig403	OU443141	30201	Bombus sylvestris	89.796	49	0.007	60.2	seq0013.tsv	True	False	cellular organisms; Eukaryota; Opisthokonta; Metazoa; Eumetazoa; Bilateria; Protostomia; Ecdysozoa; Panarthropoda; Arthropoda; Mandibulata; Pancrustacea; Hexapoda; Insecta; Dicondylia; Pterygota; Neoptera; Endopterygota; Hymenoptera; Apocrita; Aculeata; Apoidea; Anthophila; Apidae; Apinae; Bombini; Bombus; Psithyrus
Cruci_chiv_Lake_Pavin_contig403	OU015553	111811	Caprimulgus europaeus	97.143	35	0.007	60.2	seq0013.tsv	True	False	cellular organisms; Eukaryota; Opisthokonta; Metazoa; Eumetazoa; Bilateria; Deuterostomia; Chordata; Craniata; Vertebrata; Gnathostomata; Teleostomi; Euteleostomi; Sarcopterygii; Dipnotetrapodomorpha; Tetrapoda; Amniota; Sauropsida; Sauria; Archelosauria; Archosauria; Dinosauria; Saurischia; Theropoda; Coelurosauria; Aves; Neognathae; Neoaves; Strisores; Caprimulgiformes; Caprimulgidae; Caprimulginae; Caprimulgus
Cruci_chiv_Lake_Pavin_contig403	LS423640	8839	Anas platyrhynchos	97.143	35	0.007	60.2	seq0013.tsv	True	False	cellular organisms; Eukaryota; Opisthokonta; Metazoa; Eumetazoa; Bilateria; Deuterostomia; Chordata; Craniata; Vertebrata; Gnathostomata; Teleostomi; Euteleostomi; Sarcopterygii; Dipnotetrapodomorpha; Tetrapoda; Amniota; Sauropsida; Sauria; Archelosauria; Archosauria; Dinosauria; Saurischia; Theropoda; Coelurosauria; Aves; Neognathae; Galloanserae; Anseriformes; Anatidae; Anatinae; Anas
Cruci_CruCGE_110	OX442328	572776	Idaea dimidiata	97.143	35	0.006	60.2	seq0019.tsv	True	False	cellular organisms; Eukaryota; Opisthokonta; Metazoa; Eumetazoa; Bilateria; Protostomia; Ecdysozoa; Panarthropoda; Arthropoda; Mandibulata; Pancrustacea; Hexapoda; Insecta; Dicondylia; Pterygota; Neoptera; Endopterygota; Amphiesmenoptera; Lepidoptera; Glossata; Neolepidoptera; Heteroneura; Ditrysia; Obtectomera; Geometroidea; Geometridae; Sterrhinae; Idaea
Cruci_CruV_124	OZ174001	12993	Cassiopea xamachana	85.366	82	4.47e-09	80.5	seq0065.tsv	True	False	cellular organisms; Eukaryota; Opisthokonta; Metazoa; Eumetazoa; Cnidaria; Scyphozoa; Rhizostomeae; Cassiopeidae; Cassiopea
Cruci_CruV_124	OZ211042	2759737	Pteroeides griseum	84.146	82	1.61e-08	78.7	seq0065.tsv	True	False	cellular organisms; Eukaryota; Opisthokonta; Metazoa; Eumetazoa; Cnidaria; Anthozoa; Octocorallia; Scleralcyonacea; Pennatuloidea; Pennatulidae; Pteroeides
Cruci_CruV_124	OX327755	933932	Silurus aristotelis	83.333	90	1.61e-08	78.7	seq0065.tsv	True	False	cellular organisms; Eukaryota; Opisthokonta; Metazoa; Eumetazoa; Bilateria; Deuterostomia; Chordata; Craniata; Vertebrata; Gnathostomata; Teleostomi; Euteleostomi; Actinopterygii; Actinopteri; Neopterygii; Teleostei; Osteoglossocephalai; Clupeocephala; Otomorpha; Ostariophysi; Otophysi; Characiphysae; Siluriformes; Siluroidei; Siluridae; Silurus
Cruci_CruV_124	OZ194479	60953	Placobdella costata	82.716	81	2.69e-06	71.3	seq0065.tsv	True	False	cellular organisms; Eukaryota; Opisthokonta; Metazoa; Eumetazoa; Bilateria; Protostomia; Spiralia; Lophotrochozoa; Annelida; Clitellata; Hirudinea; Rhynchobdellida; Glossiphoniidae; Placobdella
Cruci_CruV_124	OZ023334	446425	Brachyptera risi	83.133	83	2.69e-06	71.3	seq0065.tsv	True	False	cellular organisms; Eukaryota; Opisthokonta; Metazoa; Eumetazoa; Bilateria; Protostomia; Ecdysozoa; Panarthropoda; Arthropoda; Mandibulata; Pancrustacea; Hexapoda; Insecta; Dicondylia; Pterygota; Neoptera; Polyneoptera; Plecoptera; Nemouroidea; Taeniopterygidae; Brachypterainae; Brachyptera
Cruci_CruV_124	OY720458	247297	Harpalus rubripes	82.143	84	9.67e-06	69.4	seq0065.tsv	True	False	cellular organisms; Eukaryota; Opisthokonta; Metazoa; Eumetazoa; Bilateria; Protostomia; Ecdysozoa; Panarthropoda; Arthropoda; Mandibulata; Pancrustacea; Hexapoda; Insecta; Dicondylia; Pterygota; Neoptera; Endopterygota; Coleoptera; Adephaga; Caraboidea; Carabidae; Harpalinae; Harpalini; Harpalus
Cruci_CruV_124	OZ211004	1564611	Felimare picta	81.707	82	3.48e-05	67.6	seq0065.tsv	True	False	cellular organisms; Eukaryota; Opisthokonta; Metazoa; Eumetazoa; Bilateria; Protostomia; Spiralia; Lophotrochozoa; Mollusca; Gastropoda; Heterobranchia; Euthyneura; Nudipleura; Nudibranchia; Doridina; Eudoridoidea; Chromodorididae; Felimare
Cruci_CruV_124	OZ073256	28835	Cepaea nemoralis	82.143	84	3.48e-05	67.6	seq0065.tsv	True	False	cellular organisms; Eukaryota; Opisthokonta; Metazoa; Eumetazoa; Bilateria; Protostomia; Spiralia; Lophotrochozoa; Mollusca; Gastropoda; Heterobranchia; Euthyneura; Panpulmonata; Eupulmonata; Stylommatophora; Helicina; Helicoidea; Helicidae; Cepaea
Cruci_CruV_124	OZ038443	320139	Daptonema setosum	82.143	84	3.48e-05	67.6	seq0065.tsv	True	False	cellular organisms; Eukaryota; Opisthokonta; Metazoa; Eumetazoa; Bilateria; Protostomia; Ecdysozoa; Nematoda; Chromadorea; Monhysterida; Monhysterina; Xyalidae; Daptonema
Cruci_CruV_124	OY992501	1594341	Scoparia ambigualis	81.176	85	0.000125	65.8	seq0065.tsv	True	False	cellular organisms; Eukaryota; Opisthokonta; Metazoa; Eumetazoa; Bilateria; Protostomia; Ecdysozoa; Panarthropoda; Arthropoda; Mandibulata; Pancrustacea; Hexapoda; Insecta; Dicondylia; Pterygota; Neoptera; Endopterygota; Amphiesmenoptera; Lepidoptera; Glossata; Neolepidoptera; Heteroneura; Ditrysia; Obtectomera; Pyraloidea; Crambidae; Scopariinae; Scoparia
Cruci_CruV_124	OY723421	80831	Tridacna derasa	81.707	82	0.000125	65.8	seq0065.tsv	True	False	cellular organisms; Eukaryota; Opisthokonta; Metazoa; Eumetazoa; Bilateria; Protostomia; Spiralia; Lophotrochozoa; Mollusca; Bivalvia; Autobranchia; Heteroconchia; Euheterodonta; Imparidentia; Neoheterodontei; Cardiida; Cardioidea; Cardiidae; Tridacninae; Tridacna
Cruci_CruV_124	OX632358	495356	Ophion costatus	80.899	89	0.000125	65.8	seq0065.tsv	True	False	cellular organisms; Eukaryota; Opisthokonta; Metazoa; Eumetazoa; Bilateria; Protostomia; Ecdysozoa; Panarthropoda; Arthropoda; Mandibulata; Pancrustacea; Hexapoda; Insecta; Dicondylia; Pterygota; Neoptera; Endopterygota; Hymenoptera; Apocrita; Ichneumonoidea; Ichneumonidae; Ophioninae; Ophion group; Ophion
Cruci_CruV_124	OZ253769	869980	Nemesignis banyulensis	82.278	79	0.00045	63.9	seq0065.tsv	True	False	cellular organisms; Eukaryota; Opisthokonta; Metazoa; Eumetazoa; Bilateria; Protostomia; Spiralia; Lophotrochozoa; Mollusca; Gastropoda; Heterobranchia; Euthyneura; Nudipleura; Nudibranchia; Cladobranchia; Aeolidioidea; Myrrhinidae; Nemesignis
Cruci_CruV_124	OZ253328	27908	Siboglinum fiordicum	80.723	83	0.00045	63.9	seq0065.tsv	True	False	cellular organisms; Eukaryota; Opisthokonta; Metazoa; Eumetazoa; Bilateria; Protostomia; Spiralia; Lophotrochozoa; Annelida; Polychaeta; Sedentaria; Canalipalpata; Sabellida; Siboglinidae; Siboglinum
Cruci_CruV_124	OZ076368	71183	Anaecypris hispanica	80.952	84	0.00045	63.9	seq0065.tsv	True	False	cellular organisms; Eukaryota; Opisthokonta; Metazoa; Eumetazoa; Bilateria; Deuterostomia; Chordata; Craniata; Vertebrata; Gnathostomata; Teleostomi; Euteleostomi; Actinopterygii; Actinopteri; Neopterygii; Teleostei; Osteoglossocephalai; Clupeocephala; Otomorpha; Ostariophysi; Otophysi; Cypriniphysae; Cypriniformes; Cyprinoidei; Leuciscidae; Leuciscinae; Anaecypris
Cruci_CruV_124	OZ038315	283776	Osedax frankpressi	81.481	81	0.002	62.1	seq0065.tsv	True	False	cellular organisms; Eukaryota; Opisthokonta; Metazoa; Eumetazoa; Bilateria; Protostomia; Spiralia; Lophotrochozoa; Annelida; Polychaeta; Sedentaria; Canalipalpata; Sabellida; Siboglinidae; Osedax
Cruci_CruV_124	OZ023320	65147	Ophion obscuratus	81.707	82	0.002	62.1	seq0065.tsv	True	False	cellular organisms; Eukaryota; Opisthokonta; Metazoa; Eumetazoa; Bilateria; Protostomia; Ecdysozoa; Panarthropoda; Arthropoda; Mandibulata; Pancrustacea; Hexapoda; Insecta; Dicondylia; Pterygota; Neoptera; Endopterygota; Hymenoptera; Apocrita; Ichneumonoidea; Ichneumonidae; Ophioninae; Ophion group; Ophion
Cruci_CruV_124	OZ218090	53613	Lamellibrachia barhami	80.233	86	0.006	60.2	seq0065.tsv	True	False	cellular organisms; Eukaryota; Opisthokonta; Metazoa; Eumetazoa; Bilateria; Protostomia; Spiralia; Lophotrochozoa; Annelida; Polychaeta; Sedentaria; Canalipalpata; Sabellida; Siboglinidae; Lamellibrachia
Cruci_CruV_124	OX419177	987451	Thalpophila matura	94.872	39	0.006	60.2	seq0065.tsv	True	False	cellular organisms; Eukaryota; Opisthokonta; Metazoa; Eumetazoa; Bilateria; Protostomia; Ecdysozoa; Panarthropoda; Arthropoda; Mandibulata; Pancrustacea; Hexapoda; Insecta; Dicondylia; Pterygota; Neoptera; Endopterygota; Amphiesmenoptera; Lepidoptera; Glossata; Neolepidoptera; Heteroneura; Ditrysia; Obtectomera; Noctuoidea; Noctuidae; Xyleninae; Thalpophila
Cruci_CruV_124	OX030970	60958	Piscicola geometra	80.723	83	0.006	60.2	seq0065.tsv	True	False	cellular organisms; Eukaryota; Opisthokonta; Metazoa; Eumetazoa; Bilateria; Protostomia; Spiralia; Lophotrochozoa; Annelida; Clitellata; Hirudinea; Hirudinida; Oceanobdelliformes; Piscicolidae; Piscicola
Cruci_CruV_189	OZ218145	120394	Peltodoris atromaculata	100.0	32	0.006	60.2	seq0129.tsv	True	False	cellular organisms; Eukaryota; Opisthokonta; Metazoa; Eumetazoa; Bilateria; Protostomia; Spiralia; Lophotrochozoa; Mollusca; Gastropoda; Heterobranchia; Euthyneura; Nudipleura; Nudibranchia; Doridina; Eudoridoidea; Discodorididae; Peltodoris
Cruci_CruV_189	OZ025198	237413	Catostylus mosaicus	90.909	44	0.006	60.2	seq0129.tsv	True	False	cellular organisms; Eukaryota; Opisthokonta; Metazoa; Eumetazoa; Cnidaria; Scyphozoa; Rhizostomeae; Catostylidae; Catostylus
Cruci_CruV_200	CP149768	5477	[Candida] boidinii	92.857	42	0.006	60.2	seq0140.tsv	True	False	cellular organisms; Eukaryota; Opisthokonta; Fungi; Dikarya; Ascomycota; saccharomyceta; Saccharomycotina; Pichiomycetes; Pichiales; Pichiaceae; Ogataea; Ogataea/Candida clade
Cruci_CruV_218	OZ255314	13225	Pomatoschistus minutus	100.0	37	1.07e-05	69.4	seq0158.tsv	True	False	cellular organisms; Eukaryota; Opisthokonta; Metazoa; Eumetazoa; Bilateria; Deuterostomia; Chordata; Craniata; Vertebrata; Gnathostomata; Teleostomi; Euteleostomi; Actinopterygii; Actinopteri; Neopterygii; Teleostei; Osteoglossocephalai; Clupeocephala; Euteleosteomorpha; Neoteleostei; Eurypterygia; Ctenosquamata; Acanthomorphata; Euacanthomorphacea; Percomorphaceae; Gobiaria; Gobiiformes; Gobioidei; Gobiidae; Gobiinae; Pomatoschistus; Pomatoschistus minutus complex
Cruci_CruV_218	OZ184668	228183	Musa textilis	100.0	37	1.07e-05	69.4	seq0158.tsv	True	False	cellular organisms; Eukaryota; Viridiplantae; Streptophyta; Streptophytina; Embryophyta; Tracheophyta; Euphyllophyta; Spermatophyta; Magnoliopsida; Mesangiospermae; Liliopsida; Petrosaviidae; commelinids; Zingiberales; Musaceae; Musa
Cruci_CruV_218	OZ125154	357811	Apogon imberbis	100.0	36	3.86e-05	67.6	seq0158.tsv	True	False	cellular organisms; Eukaryota; Opisthokonta; Metazoa; Eumetazoa; Bilateria; Deuterostomia; Chordata; Craniata; Vertebrata; Gnathostomata; Teleostomi; Euteleostomi; Actinopterygii; Actinopteri; Neopterygii; Teleostei; Osteoglossocephalai; Clupeocephala; Euteleosteomorpha; Neoteleostei; Eurypterygia; Ctenosquamata; Acanthomorphata; Euacanthomorphacea; Percomorphaceae; Gobiaria; Kurtiformes; Apogonoidei; Apogonidae; Apogoninae; Apogon; Apogon
Cruci_CruV_218	CP136219	182092	Botrytis fabae	97.436	39	3.86e-05	67.6	seq0158.tsv	True	False	cellular organisms; Eukaryota; Opisthokonta; Fungi; Dikarya; Ascomycota; saccharomyceta; Pezizomycotina; leotiomyceta; sordariomyceta; Leotiomycetes; Helotiales; Sclerotiniaceae; Botrytis
Cruci_CruV_218	OZ252185	1088609	Ammophila pubescens	100.0	35	0.000139	65.8	seq0158.tsv	True	False	cellular organisms; Eukaryota; Opisthokonta; Metazoa; Eumetazoa; Bilateria; Protostomia; Ecdysozoa; Panarthropoda; Arthropoda; Mandibulata; Pancrustacea; Hexapoda; Insecta; Dicondylia; Pterygota; Neoptera; Endopterygota; Hymenoptera; Apocrita; Aculeata; Apoidea; Sphecidae; Ammophilinae; Ammophila
Cruci_CruV_218	OZ251425	257540	Gobiusculus flavescens	100.0	35	0.000139	65.8	seq0158.tsv	True	False	cellular organisms; Eukaryota; Opisthokonta; Metazoa; Eumetazoa; Bilateria; Deuterostomia; Chordata; Craniata; Vertebrata; Gnathostomata; Teleostomi; Euteleostomi; Actinopterygii; Actinopteri; Neopterygii; Teleostei; Osteoglossocephalai; Clupeocephala; Euteleosteomorpha; Neoteleostei; Eurypterygia; Ctenosquamata; Acanthomorphata; Euacanthomorphacea; Percomorphaceae; Gobiaria; Gobiiformes; Gobioidei; Gobiidae; Gobiinae; Gobiusculus
Cruci_CruV_218	OZ250136	98922	Myotis daubentonii	100.0	35	0.000139	65.8	seq0158.tsv	True	False	cellular organisms; Eukaryota; Opisthokonta; Metazoa; Eumetazoa; Bilateria; Deuterostomia; Chordata; Craniata; Vertebrata; Gnathostomata; Teleostomi; Euteleostomi; Sarcopterygii; Dipnotetrapodomorpha; Tetrapoda; Amniota; Mammalia; Theria; Eutheria; Boreoeutheria; Laurasiatheria; Chiroptera; Yangochiroptera; Vespertilionidae; Myotis
Cruci_CruV_218	OZ243007	169492	Orygma luctuosum	100.0	35	0.000139	65.8	seq0158.tsv	True	False	cellular organisms; Eukaryota; Opisthokonta; Metazoa; Eumetazoa; Bilateria; Protostomia; Ecdysozoa; Panarthropoda; Arthropoda; Mandibulata; Pancrustacea; Hexapoda; Insecta; Dicondylia; Pterygota; Neoptera; Endopterygota; Diptera; Brachycera; Muscomorpha; Eremoneura; Cyclorrhapha; Schizophora; Acalyptratae; Sciomyzoidea; Sepsidae; Orygma
Cruci_CruV_218	OZ177894	185735	Arctogadus glacialis	95.122	41	0.000139	65.8	seq0158.tsv	True	False	cellular organisms; Eukaryota; Opisthokonta; Metazoa; Eumetazoa; Bilateria; Deuterostomia; Chordata; Craniata; Vertebrata; Gnathostomata; Teleostomi; Euteleostomi; Actinopterygii; Actinopteri; Neopterygii; Teleostei; Osteoglossocephalai; Clupeocephala; Euteleosteomorpha; Neoteleostei; Eurypterygia; Ctenosquamata; Acanthomorphata; Paracanthopterygii; Zeiogadaria; Gadariae; Gadiformes; Gadoidei; Gadidae; Arctogadus
Cruci_CruV_218	XM_025492373	1684307	Pseudomicrostroma glucosiphilum	97.368	38	0.000139	65.8	seq0158.tsv	True	False	cellular organisms; Eukaryota; Opisthokonta; Fungi; Dikarya; Basidiomycota; Ustilaginomycotina; Exobasidiomycetes; Microstromatales; Microstromatales incertae sedis; Pseudomicrostroma
Cruci_CruV_218	XM_025116821	59895	Cynara cardunculus var. scolymus	100.0	35	0.000139	65.8	seq0158.tsv	True	False	cellular organisms; Eukaryota; Viridiplantae; Streptophyta; Streptophytina; Embryophyta; Tracheophyta; Euphyllophyta; Spermatophyta; Magnoliopsida; Mesangiospermae; eudicotyledons; Gunneridae; Pentapetalae; asterids; campanulids; Asterales; Asteraceae; Carduoideae; Cardueae; Carduinae; Cynara; Cynara cardunculus; Cynara cardunculus subsp. cardunculus
Cruci_CruV_218	OZ035022	134920	Pungitius pungitius	91.667	48	0.000139	65.8	seq0158.tsv	True	False	cellular organisms; Eukaryota; Opisthokonta; Metazoa; Eumetazoa; Bilateria; Deuterostomia; Chordata; Craniata; Vertebrata; Gnathostomata; Teleostomi; Euteleostomi; Actinopterygii; Actinopteri; Neopterygii; Teleostei; Osteoglossocephalai; Clupeocephala; Euteleosteomorpha; Neoteleostei; Eurypterygia; Ctenosquamata; Acanthomorphata; Euacanthomorphacea; Percomorphaceae; Eupercaria; Perciformes; Cottioidei; Gasterosteales; Gasterosteidae; Pungitius
Cruci_CruV_218	OZ023332	446425	Brachyptera risi	100.0	35	0.000139	65.8	seq0158.tsv	True	False	cellular organisms; Eukaryota; Opisthokonta; Metazoa; Eumetazoa; Bilateria; Protostomia; Ecdysozoa; Panarthropoda; Arthropoda; Mandibulata; Pancrustacea; Hexapoda; Insecta; Dicondylia; Pterygota; Neoptera; Polyneoptera; Plecoptera; Nemouroidea; Taeniopterygidae; Brachypterainae; Brachyptera
Cruci_CruV_218	OZ023162	48915	Diplodus puntazzo	100.0	35	0.000139	65.8	seq0158.tsv	True	False	cellular organisms; Eukaryota; Opisthokonta; Metazoa; Eumetazoa; Bilateria; Deuterostomia; Chordata; Craniata; Vertebrata; Gnathostomata; Teleostomi; Euteleostomi; Actinopterygii; Actinopteri; Neopterygii; Teleostei; Osteoglossocephalai; Clupeocephala; Euteleosteomorpha; Neoteleostei; Eurypterygia; Ctenosquamata; Acanthomorphata; Euacanthomorphacea; Percomorphaceae; Eupercaria; Spariformes; Sparidae; Diplodus
Cruci_CruV_218	OZ021702	362093	Athalia circularis	93.182	44	0.000139	65.8	seq0158.tsv	True	False	cellular organisms; Eukaryota; Opisthokonta; Metazoa; Eumetazoa; Bilateria; Protostomia; Ecdysozoa; Panarthropoda; Arthropoda; Mandibulata; Pancrustacea; Hexapoda; Insecta; Dicondylia; Pterygota; Neoptera; Endopterygota; Hymenoptera; Tenthredinoidea; Athaliidae; Athalia
Cruci_CruV_218	XM_062299915	3517	Alnus glutinosa	100.0	35	0.000139	65.8	seq0158.tsv	True	False	cellular organisms; Eukaryota; Viridiplantae; Streptophyta; Streptophytina; Embryophyta; Tracheophyta; Euphyllophyta; Spermatophyta; Magnoliopsida; Mesangiospermae; eudicotyledons; Gunneridae; Pentapetalae; rosids; fabids; Fagales; Betulaceae; Alnus
Cruci_CruV_218	OY757498	7241	Drosophila subobscura	97.368	38	0.000139	65.8	seq0158.tsv	True	False	cellular organisms; Eukaryota; Opisthokonta; Metazoa; Eumetazoa; Bilateria; Protostomia; Ecdysozoa; Panarthropoda; Arthropoda; Mandibulata; Pancrustacea; Hexapoda; Insecta; Dicondylia; Pterygota; Neoptera; Endopterygota; Diptera; Brachycera; Muscomorpha; Eremoneura; Cyclorrhapha; Schizophora; Acalyptratae; Ephydroidea; Drosophilidae; Drosophilinae; Drosophilini; Drosophila; Sophophora; obscura group; obscura subgroup
Cruci_CruV_218	OY726534	56720	Lipophrys pholis	100.0	35	0.000139	65.8	seq0158.tsv	True	False	cellular organisms; Eukaryota; Opisthokonta; Metazoa; Eumetazoa; Bilateria; Deuterostomia; Chordata; Craniata; Vertebrata; Gnathostomata; Teleostomi; Euteleostomi; Actinopterygii; Actinopteri; Neopterygii; Teleostei; Osteoglossocephalai; Clupeocephala; Euteleosteomorpha; Neoteleostei; Eurypterygia; Ctenosquamata; Acanthomorphata; Euacanthomorphacea; Percomorphaceae; Ovalentaria; Blenniimorphae; Blenniiformes; Blennioidei; Blenniidae; Salariinae; Lipophrys
Cruci_CruV_218	OX596013	2867252	Heteromyza rotundicornis	100.0	35	0.000139	65.8	seq0158.tsv	True	False	cellular organisms; Eukaryota; Opisthokonta; Metazoa; Eumetazoa; Bilateria; Protostomia; Ecdysozoa; Panarthropoda; Arthropoda; Mandibulata; Pancrustacea; Hexapoda; Insecta; Dicondylia; Pterygota; Neoptera; Endopterygota; Diptera; Brachycera; Muscomorpha; Eremoneura; Cyclorrhapha; Schizophora; Acalyptratae; Sphaeroceroidea; Heleomyzidae; Heteromyzinae; Heteromyza
Cruci_CruV_218	OX453090	1262473	Hirtodrosophila cameraria	97.368	38	0.000139	65.8	seq0158.tsv	True	False	cellular organisms; Eukaryota; Opisthokonta; Metazoa; Eumetazoa; Bilateria; Protostomia; Ecdysozoa; Panarthropoda; Arthropoda; Mandibulata; Pancrustacea; Hexapoda; Insecta; Dicondylia; Pterygota; Neoptera; Endopterygota; Diptera; Brachycera; Muscomorpha; Eremoneura; Cyclorrhapha; Schizophora; Acalyptratae; Ephydroidea; Drosophilidae; Drosophilinae; Drosophilini; Hirtodrosophila
Cruci_CruV_218	CP098294	79591	Epichloe glyceriae	100.0	35	0.000139	65.8	seq0158.tsv	True	False	cellular organisms; Eukaryota; Opisthokonta; Fungi; Dikarya; Ascomycota; saccharomyceta; Pezizomycotina; leotiomyceta; sordariomyceta; Sordariomycetes; Hypocreomycetidae; Hypocreales; Clavicipitaceae; Epichloe
Cruci_CruV_218	XM_037926448	6687	Penaeus monodon	100.0	35	0.000139	65.8	seq0158.tsv	True	False	cellular organisms; Eukaryota; Opisthokonta; Metazoa; Eumetazoa; Bilateria; Protostomia; Ecdysozoa; Panarthropoda; Arthropoda; Mandibulata; Pancrustacea; Crustacea; Multicrustacea; Malacostraca; Eumalacostraca; Eucarida; Decapoda; Dendrobranchiata; Penaeoidea; Penaeidae; Penaeus
Cruci_CruV_218	XM_037115998	8177	Acanthopagrus latus	100.0	35	0.000139	65.8	seq0158.tsv	True	False	cellular organisms; Eukaryota; Opisthokonta; Metazoa; Eumetazoa; Bilateria; Deuterostomia; Chordata; Craniata; Vertebrata; Gnathostomata; Teleostomi; Euteleostomi; Actinopterygii; Actinopteri; Neopterygii; Teleostei; Osteoglossocephalai; Clupeocephala; Euteleosteomorpha; Neoteleostei; Eurypterygia; Ctenosquamata; Acanthomorphata; Euacanthomorphacea; Percomorphaceae; Eupercaria; Spariformes; Sparidae; Acanthopagrus
Cruci_CruV_218	XM_036725258	5467	Colletotrichum truncatum	97.368	38	0.000139	65.8	seq0158.tsv	True	False	cellular organisms; Eukaryota; Opisthokonta; Fungi; Dikarya; Ascomycota; saccharomyceta; Pezizomycotina; leotiomyceta; sordariomyceta; Sordariomycetes; Hypocreomycetidae; Glomerellales; Glomerellaceae; Colletotrichum; Colletotrichum truncatum species complex
Cruci_CruV_218	XM_031939984	9305	Sarcophilus harrisii	95.122	41	0.0005	63.9	seq0158.tsv	True	False	cellular organisms; Eukaryota; Opisthokonta; Metazoa; Eumetazoa; Bilateria; Deuterostomia; Chordata; Craniata; Vertebrata; Gnathostomata; Teleostomi; Euteleostomi; Sarcopterygii; Dipnotetrapodomorpha; Tetrapoda; Amniota; Mammalia; Theria; Metatheria; Dasyuromorphia; Dasyuridae; Sarcophilus
Cruci_CruV_218	OZ257287	1602974	Symbiodinium tridacnidarum	95.0	40	0.0005	63.9	seq0158.tsv	True	False	cellular organisms; Eukaryota; Sar; Alveolata; Dinophyceae; Suessiales; Symbiodiniaceae; Symbiodinium
Cruci_CruV_218	OZ252620	767568	Sparganium erectum	93.182	44	0.0005	63.9	seq0158.tsv	True	False	cellular organisms; Eukaryota; Viridiplantae; Streptophyta; Streptophytina; Embryophyta; Tracheophyta; Euphyllophyta; Spermatophyta; Magnoliopsida; Mesangiospermae; Liliopsida; Petrosaviidae; commelinids; Poales; Typhaceae; Sparganium
Cruci_CruV_218	OZ246776	169223	Honckenya peploides	100.0	34	0.0005	63.9	seq0158.tsv	True	False	cellular organisms; Eukaryota; Viridiplantae; Streptophyta; Streptophytina; Embryophyta; Tracheophyta; Euphyllophyta; Spermatophyta; Magnoliopsida; Mesangiospermae; eudicotyledons; Gunneridae; Pentapetalae; Caryophyllales; Caryophyllaceae; Sclerantheae; Honckenya
Cruci_CruV_218	OZ240151	1933096	Gracilechinus acutus	97.297	37	0.0005	63.9	seq0158.tsv	True	False	cellular organisms; Eukaryota; Opisthokonta; Metazoa; Eumetazoa; Bilateria; Deuterostomia; Echinodermata; Eleutherozoa; Echinozoa; Echinoidea; Euechinoidea; Echinacea; Camarodonta; Echinidea; Echinidae; Gracilechinus
Cruci_CruV_218	OZ220309	58325	Leuciscus leuciscus	97.297	37	0.0005	63.9	seq0158.tsv	True	False	cellular organisms; Eukaryota; Opisthokonta; Metazoa; Eumetazoa; Bilateria; Deuterostomia; Chordata; Craniata; Vertebrata; Gnathostomata; Teleostomi; Euteleostomi; Actinopterygii; Actinopteri; Neopterygii; Teleostei; Osteoglossocephalai; Clupeocephala; Otomorpha; Ostariophysi; Otophysi; Cypriniphysae; Cypriniformes; Cyprinoidei; Leuciscidae; Leuciscinae; Leuciscus
Cruci_CruV_218	XM_028002700	32473	Xiphophorus couchianus	97.297	37	0.0005	63.9	seq0158.tsv	True	False	cellular organisms; Eukaryota; Opisthokonta; Metazoa; Eumetazoa; Bilateria; Deuterostomia; Chordata; Craniata; Vertebrata; Gnathostomata; Teleostomi; Euteleostomi; Actinopterygii; Actinopteri; Neopterygii; Teleostei; Osteoglossocephalai; Clupeocephala; Euteleosteomorpha; Neoteleostei; Eurypterygia; Ctenosquamata; Acanthomorphata; Euacanthomorphacea; Percomorphaceae; Ovalentaria; Atherinomorphae; Cyprinodontiformes; Cyprinodontoidei; Poeciliidae; Poeciliinae; Xiphophorus
Cruci_CruV_218	MF001479	3759	Prunus yedoensis	100.0	34	0.0005	63.9	seq0158.tsv	True	False	cellular organisms; Eukaryota; Viridiplantae; Streptophyta; Streptophytina; Embryophyta; Tracheophyta; Euphyllophyta; Spermatophyta; Magnoliopsida; Mesangiospermae; eudicotyledons; Gunneridae; Pentapetalae; rosids; fabids; Rosales; Rosaceae; Amygdaloideae; Amygdaleae; Prunus
Cruci_CruV_218	LN649229	56646	Fusarium venenatum	100.0	34	0.0005	63.9	seq0158.tsv	True	False	cellular organisms; Eukaryota; Opisthokonta; Fungi; Dikarya; Ascomycota; saccharomyceta; Pezizomycotina; leotiomyceta; sordariomyceta; Sordariomycetes; Hypocreomycetidae; Hypocreales; Nectriaceae; Fusarium; Fusarium sambucinum species complex
Cruci_CruV_218	XM_006423918	85681	Citrus x clementina	97.297	37	0.0005	63.9	seq0158.tsv	True	False	cellular organisms; Eukaryota; Viridiplantae; Streptophyta; Streptophytina; Embryophyta; Tracheophyta; Euphyllophyta; Spermatophyta; Magnoliopsida; Mesangiospermae; eudicotyledons; Gunneridae; Pentapetalae; rosids; malvids; Sapindales; Rutaceae; Aurantioideae; Citrus
Cruci_CruV_218	AP029622	83875	Trachurus japonicus	88.889	54	0.0005	63.9	seq0158.tsv	True	False	cellular organisms; Eukaryota; Opisthokonta; Metazoa; Eumetazoa; Bilateria; Deuterostomia; Chordata; Craniata; Vertebrata; Gnathostomata; Teleostomi; Euteleostomi; Actinopterygii; Actinopteri; Neopterygii; Teleostei; Osteoglossocephalai; Clupeocephala; Euteleosteomorpha; Neoteleostei; Eurypterygia; Ctenosquamata; Acanthomorphata; Euacanthomorphacea; Percomorphaceae; Carangaria; Carangiformes; Carangidae; Trachurus
Cruci_CruV_218	XR_010914440	215402	Channa argus	97.297	37	0.0005	63.9	seq0158.tsv	True	False	cellular organisms; Eukaryota; Opisthokonta; Metazoa; Eumetazoa; Bilateria; Deuterostomia; Chordata; Craniata; Vertebrata; Gnathostomata; Teleostomi; Euteleostomi; Actinopterygii; Actinopteri; Neopterygii; Teleostei; Osteoglossocephalai; Clupeocephala; Euteleosteomorpha; Neoteleostei; Eurypterygia; Ctenosquamata; Acanthomorphata; Euacanthomorphacea; Percomorphaceae; Anabantaria; Anabantiformes; Channoidei; Channidae; Channa
Cruci_CruV_218	CP165672	155063	Leuciscus waleckii	95.0	40	0.0005	63.9	seq0158.tsv	True	False	cellular organisms; Eukaryota; Opisthokonta; Metazoa; Eumetazoa; Bilateria; Deuterostomia; Chordata; Craniata; Vertebrata; Gnathostomata; Teleostomi; Euteleostomi; Actinopterygii; Actinopteri; Neopterygii; Teleostei; Osteoglossocephalai; Clupeocephala; Otomorpha; Ostariophysi; Otophysi; Cypriniphysae; Cypriniformes; Cyprinoidei; Leuciscidae; Leuciscinae; Leuciscus
Cruci_CruV_218	XM_023472464	1294199	Eurytemora carolleeae	93.182	44	0.0005	63.9	seq0158.tsv	True	False	cellular organisms; Eukaryota; Opisthokonta; Metazoa; Eumetazoa; Bilateria; Protostomia; Ecdysozoa; Panarthropoda; Arthropoda; Mandibulata; Pancrustacea; Crustacea; Multicrustacea; Hexanauplia; Copepoda; Neocopepoda; Gymnoplea; Calanoida; Temoridae; Eurytemora
Cruci_CruV_218	OZ078081	85663	Bombus jonellus	97.297	37	0.0005	63.9	seq0158.tsv	True	False	cellular organisms; Eukaryota; Opisthokonta; Metazoa; Eumetazoa; Bilateria; Protostomia; Ecdysozoa; Panarthropoda; Arthropoda; Mandibulata; Pancrustacea; Hexapoda; Insecta; Dicondylia; Pterygota; Neoptera; Endopterygota; Hymenoptera; Apocrita; Aculeata; Apoidea; Anthophila; Apidae; Apinae; Bombini; Bombus; Pyrobombus
Cruci_CruV_218	XM_020193914	1344418	Ascoidea rubescens DSM 1968	93.182	44	0.0005	63.9	seq0158.tsv	True	False	cellular organisms; Eukaryota; Opisthokonta; Fungi; Dikarya; Ascomycota; saccharomyceta; Saccharomycotina; Saccharomycetes; Ascoideales; Ascoideaceae; Ascoidea; Ascoidea rubescens
Cruci_CruV_218	OZ010732	1190803	Andrena praecox	97.297	37	0.0005	63.9	seq0158.tsv	True	False	cellular organisms; Eukaryota; Opisthokonta; Metazoa; Eumetazoa; Bilateria; Protostomia; Ecdysozoa; Panarthropoda; Arthropoda; Mandibulata; Pancrustacea; Hexapoda; Insecta; Dicondylia; Pterygota; Neoptera; Endopterygota; Hymenoptera; Apocrita; Aculeata; Apoidea; Anthophila; Andrenidae; Andreninae; Andrena; Andrena incertae sedis
Cruci_CruV_218	CP015984	4944	Saccharomycopsis fibuligera	97.297	37	0.0005	63.9	seq0158.tsv	True	False	cellular organisms; Eukaryota; Opisthokonta; Fungi; Dikarya; Ascomycota; saccharomyceta; Saccharomycotina; Saccharomycetes; Ascoideales; Saccharomycopsidaceae; Saccharomycopsis
Cruci_CruV_218	OZ001355	42028	Drosophila limbata	100.0	34	0.0005	63.9	seq0158.tsv	True	False	cellular organisms; Eukaryota; Opisthokonta; Metazoa; Eumetazoa; Bilateria; Protostomia; Ecdysozoa; Panarthropoda; Arthropoda; Mandibulata; Pancrustacea; Hexapoda; Insecta; Dicondylia; Pterygota; Neoptera; Endopterygota; Diptera; Brachycera; Muscomorpha; Eremoneura; Cyclorrhapha; Schizophora; Acalyptratae; Ephydroidea; Drosophilidae; Drosophilinae; Drosophilini; Drosophila; Drosophila; quinaria group
Cruci_CruV_218	OY978107	133487	Marvania coccoides	97.297	37	0.0005	63.9	seq0158.tsv	True	False	cellular organisms; Eukaryota; Viridiplantae; Chlorophyta; core chlorophytes; Trebouxiophyceae; Chlorellales; Chlorellaceae; Marvania
Cruci_CruV_218	XM_061119161	36914	Lodderomyces elongisporus	95.122	41	0.0005	63.9	seq0158.tsv	True	False	cellular organisms; Eukaryota; Opisthokonta; Fungi; Dikarya; Ascomycota; saccharomyceta; Saccharomycotina; Pichiomycetes; Serinales; Debaryomycetaceae; Candida/Lodderomyces clade; Lodderomyces
Cruci_CruV_218	OY754322	2711	Citrus sinensis	97.297	37	0.0005	63.9	seq0158.tsv	True	False	cellular organisms; Eukaryota; Viridiplantae; Streptophyta; Streptophytina; Embryophyta; Tracheophyta; Euphyllophyta; Spermatophyta; Magnoliopsida; Mesangiospermae; eudicotyledons; Gunneridae; Pentapetalae; rosids; malvids; Sapindales; Rutaceae; Aurantioideae; Citrus
Cruci_CruV_218	XM_058617806	90069	Solea solea	100.0	34	0.0005	63.9	seq0158.tsv	True	False	cellular organisms; Eukaryota; Opisthokonta; Metazoa; Eumetazoa; Bilateria; Deuterostomia; Chordata; Craniata; Vertebrata; Gnathostomata; Teleostomi; Euteleostomi; Actinopterygii; Actinopteri; Neopterygii; Teleostei; Osteoglossocephalai; Clupeocephala; Euteleosteomorpha; Neoteleostei; Eurypterygia; Ctenosquamata; Acanthomorphata; Euacanthomorphacea; Percomorphaceae; Carangaria; Pleuronectiformes; Pleuronectoidei; Soleidae; Solea
Cruci_CruV_218	OX596234	267548	Salicornia ramosissima	100.0	34	0.0005	63.9	seq0158.tsv	True	False	cellular organisms; Eukaryota; Viridiplantae; Streptophyta; Streptophytina; Embryophyta; Tracheophyta; Euphyllophyta; Spermatophyta; Magnoliopsida; Mesangiospermae; eudicotyledons; Gunneridae; Pentapetalae; Caryophyllales; Chenopodiaceae; Salicornioideae; Salicornia; Salicornia subgen. Salicornia
Cruci_CruV_218	OX638161	1330250	Podarcis cretensis	97.297	37	0.0005	63.9	seq0158.tsv	True	False	cellular organisms; Eukaryota; Opisthokonta; Metazoa; Eumetazoa; Bilateria; Deuterostomia; Chordata; Craniata; Vertebrata; Gnathostomata; Teleostomi; Euteleostomi; Sarcopterygii; Dipnotetrapodomorpha; Tetrapoda; Amniota; Sauropsida; Sauria; Lepidosauria; Squamata; Bifurcata; Unidentata; Episquamata; Laterata; Lacertibaenia; Lacertidae; Lacertinae; Podarcis
Cruci_CruV_218	OX621302	3371016	Cnephaeus nilssonii	97.297	37	0.0005	63.9	seq0158.tsv	True	False	cellular organisms; Eukaryota; Opisthokonta; Metazoa; Eumetazoa; Bilateria; Deuterostomia; Chordata; Craniata; Vertebrata; Gnathostomata; Teleostomi; Euteleostomi; Sarcopterygii; Dipnotetrapodomorpha; Tetrapoda; Amniota; Mammalia; Theria; Eutheria; Boreoeutheria; Laurasiatheria; Chiroptera; Yangochiroptera; Vespertilionidae; Cnephaeus
Cruci_CruV_218	OX485829	9365	Erinaceus europaeus	93.182	44	0.0005	63.9	seq0158.tsv	True	False	cellular organisms; Eukaryota; Opisthokonta; Metazoa; Eumetazoa; Bilateria; Deuterostomia; Chordata; Craniata; Vertebrata; Gnathostomata; Teleostomi; Euteleostomi; Sarcopterygii; Dipnotetrapodomorpha; Tetrapoda; Amniota; Mammalia; Theria; Eutheria; Boreoeutheria; Laurasiatheria; Eulipotyphla; Erinaceidae; Erinaceinae; Erinaceus
Cruci_CruV_218	OX381713	46595	Harmothoe impar	100.0	34	0.0005	63.9	seq0158.tsv	True	False	cellular organisms; Eukaryota; Opisthokonta; Metazoa; Eumetazoa; Bilateria; Protostomia; Spiralia; Lophotrochozoa; Annelida; Polychaeta; Errantia; Phyllodocida; Polynoidae; Harmothoe
Cruci_CruV_218	CP103000	101028	Fusarium pseudograminearum	87.719	57	0.0005	63.9	seq0158.tsv	True	False	cellular organisms; Eukaryota; Opisthokonta; Fungi; Dikarya; Ascomycota; saccharomyceta; Pezizomycotina; leotiomyceta; sordariomyceta; Sordariomycetes; Hypocreomycetidae; Hypocreales; Nectriaceae; Fusarium; Fusarium sambucinum species complex
Cruci_CruV_218	XM_009253316	1028729	Fusarium pseudograminearum CS3096	87.719	57	0.0005	63.9	seq0158.tsv	True	False	cellular organisms; Eukaryota; Opisthokonta; Fungi; Dikarya; Ascomycota; saccharomyceta; Pezizomycotina; leotiomyceta; sordariomyceta; Sordariomycetes; Hypocreomycetidae; Hypocreales; Nectriaceae; Fusarium; Fusarium sambucinum species complex; Fusarium pseudograminearum
Cruci_CruV_218	CP064808	1616224	Epichloe typhina subsp. clarkii	97.297	37	0.0005	63.9	seq0158.tsv	True	False	cellular organisms; Eukaryota; Opisthokonta; Fungi; Dikarya; Ascomycota; saccharomyceta; Pezizomycotina; leotiomyceta; sordariomyceta; Sordariomycetes; Hypocreomycetidae; Hypocreales; Clavicipitaceae; Epichloe; Epichloe typhina
Cruci_CruV_218	XM_005821446	905079	Guillardia theta CCMP2712	97.297	37	0.0005	63.9	seq0158.tsv	True	False	cellular organisms; Eukaryota; Cryptophyceae; Pyrenomonadales; Geminigeraceae; Guillardia; Guillardia theta
Cruci_CruV_218	XM_040320463	8407	Rana temporaria	88.462	52	0.0005	63.9	seq0158.tsv	True	False	cellular organisms; Eukaryota; Opisthokonta; Metazoa; Eumetazoa; Bilateria; Deuterostomia; Chordata; Craniata; Vertebrata; Gnathostomata; Teleostomi; Euteleostomi; Sarcopterygii; Dipnotetrapodomorpha; Tetrapoda; Amphibia; Batrachia; Anura; Neobatrachia; Ranoidea; Ranidae; Rana; Rana
Cruci_CruV_218	AC112912	9606	Homo sapiens	89.796	49	0.0005	63.9	seq0158.tsv	True	False	cellular organisms; Eukaryota; Opisthokonta; Metazoa; Eumetazoa; Bilateria; Deuterostomia; Chordata; Craniata; Vertebrata; Gnathostomata; Teleostomi; Euteleostomi; Sarcopterygii; Dipnotetrapodomorpha; Tetrapoda; Amniota; Mammalia; Theria; Eutheria; Boreoeutheria; Euarchontoglires; Primates; Haplorrhini; Simiiformes; Catarrhini; Hominoidea; Hominidae; Homininae; Homo
Cruci_CruV_218	OZ259455	200527	Aulactinia verrucosa	100.0	33	0.002	62.1	seq0158.tsv	True	False	cellular organisms; Eukaryota; Opisthokonta; Metazoa; Eumetazoa; Cnidaria; Anthozoa; Hexacorallia; Actiniaria; Actiniidae; Aulactinia
Cruci_CruV_218	OZ257533	1101112	Hypsopygia rubidalis	97.297	37	0.002	62.1	seq0158.tsv	True	False	cellular organisms; Eukaryota; Opisthokonta; Metazoa; Eumetazoa; Bilateria; Protostomia; Ecdysozoa; Panarthropoda; Arthropoda; Mandibulata; Pancrustacea; Hexapoda; Insecta; Dicondylia; Pterygota; Neoptera; Endopterygota; Amphiesmenoptera; Lepidoptera; Glossata; Neolepidoptera; Heteroneura; Ditrysia; Obtectomera; Pyraloidea; Pyralidae; Pyralinae; Hypsopygia
Cruci_CruV_218	OZ253350	208529	Arnoglossus laterna	97.222	36	0.002	62.1	seq0158.tsv	True	False	cellular organisms; Eukaryota; Opisthokonta; Metazoa; Eumetazoa; Bilateria; Deuterostomia; Chordata; Craniata; Vertebrata; Gnathostomata; Teleostomi; Euteleostomi; Actinopterygii; Actinopteri; Neopterygii; Teleostei; Osteoglossocephalai; Clupeocephala; Euteleosteomorpha; Neoteleostei; Eurypterygia; Ctenosquamata; Acanthomorphata; Euacanthomorphacea; Percomorphaceae; Carangaria; Pleuronectiformes; Pleuronectoidei; Bothidae; Arnoglossus
Cruci_CruV_218	OZ253213	2561853	Zelleria oleastrella	97.222	36	0.002	62.1	seq0158.tsv	True	False	cellular organisms; Eukaryota; Opisthokonta; Metazoa; Eumetazoa; Bilateria; Protostomia; Ecdysozoa; Panarthropoda; Arthropoda; Mandibulata; Pancrustacea; Hexapoda; Insecta; Dicondylia; Pterygota; Neoptera; Endopterygota; Amphiesmenoptera; Lepidoptera; Glossata; Neolepidoptera; Heteroneura; Ditrysia; Yponomeutoidea; Yponomeutidae; Yponomeutinae; Zelleria
Cruci_CruV_218	OZ252538	8934	Columba palumbus	97.222	36	0.002	62.1	seq0158.tsv	True	False	cellular organisms; Eukaryota; Opisthokonta; Metazoa; Eumetazoa; Bilateria; Deuterostomia; Chordata; Craniata; Vertebrata; Gnathostomata; Teleostomi; Euteleostomi; Sarcopterygii; Dipnotetrapodomorpha; Tetrapoda; Amniota; Sauropsida; Sauria; Archelosauria; Archosauria; Dinosauria; Saurischia; Theropoda; Coelurosauria; Aves; Neognathae; Neoaves; Columbimorphae; Columbiformes; Columbidae; Columba
Cruci_CruV_220	OZ237790	311461	Hirudo verbana	97.297	37	0.0005	63.9	seq0160.tsv	True	False	cellular organisms; Eukaryota; Opisthokonta; Metazoa; Eumetazoa; Bilateria; Protostomia; Spiralia; Lophotrochozoa; Annelida; Clitellata; Hirudinea; Hirudinida; Hirudiniformes; Hirudinidae; Hirudo
Cruci_CruV_226	OZ243652	7750	Lampetra planeri	93.182	44	0.00014	65.8	seq0166.tsv	True	False	cellular organisms; Eukaryota; Opisthokonta; Metazoa; Eumetazoa; Bilateria; Deuterostomia; Chordata; Craniata; Vertebrata; Cyclostomata; Hyperoartia; Petromyzontiformes; Petromyzontidae; Lampetra
Cruci_CruV_226	OZ243570	7748	Lampetra fluviatilis	93.182	44	0.00014	65.8	seq0166.tsv	True	False	cellular organisms; Eukaryota; Opisthokonta; Metazoa; Eumetazoa; Bilateria; Deuterostomia; Chordata; Craniata; Vertebrata; Cyclostomata; Hyperoartia; Petromyzontiformes; Petromyzontidae; Lampetra
Cruci_CruV_228	LR738421	9657	Lutra lutra	100.0	33	0.002	62.1	seq0168.tsv	True	False	cellular organisms; Eukaryota; Opisthokonta; Metazoa; Eumetazoa; Bilateria; Deuterostomia; Chordata; Craniata; Vertebrata; Gnathostomata; Teleostomi; Euteleostomi; Sarcopterygii; Dipnotetrapodomorpha; Tetrapoda; Amniota; Mammalia; Theria; Eutheria; Boreoeutheria; Laurasiatheria; Carnivora; Caniformia; Musteloidea; Mustelidae; Lutrinae; Lutra
Cruci_CruV_231	MT181524	2800894	Marmot associated feces circular DNA molecule 3	97.222	36	0.002	62.1	seq0171.tsv	True	False	Viruses; Monodnaviria; Shotokuvirae; Cressdnaviricota; unclassified Cressdnaviricota
Cruci_CruV_240	CP009526	1434109	Methanosarcina barkeri str. Wiesmoor	100.0	38	3.04e-06	71.3	seq0180.tsv	True	False	cellular organisms; Archaea; Methanobacteriati; Methanobacteriota; Stenosarchaea group; Methanomicrobia; Methanosarcinales; Methanosarcinaceae; Methanosarcina; Methanosarcina barkeri
Cruci_CruV_240	CP120831	6238	Caenorhabditis briggsae	90.385	52	3.93e-05	67.6	seq0180.tsv	True	False	cellular organisms; Eukaryota; Opisthokonta; Metazoa; Eumetazoa; Bilateria; Protostomia; Ecdysozoa; Nematoda; Chromadorea; Rhabditida; Rhabditina; Rhabditomorpha; Rhabditoidea; Rhabditidae; Peloderinae; Caenorhabditis
Cruci_CruV_240	OX637613	85417	Gobius niger	97.368	38	0.000141	65.8	seq0180.tsv	True	False	cellular organisms; Eukaryota; Opisthokonta; Metazoa; Eumetazoa; Bilateria; Deuterostomia; Chordata; Craniata; Vertebrata; Gnathostomata; Teleostomi; Euteleostomi; Actinopterygii; Actinopteri; Neopterygii; Teleostei; Osteoglossocephalai; Clupeocephala; Euteleosteomorpha; Neoteleostei; Eurypterygia; Ctenosquamata; Acanthomorphata; Euacanthomorphacea; Percomorphaceae; Gobiaria; Gobiiformes; Gobioidei; Gobiidae; Gobiinae; Gobius
Cruci_CruV_240	OZ186190	3034287	Deroceras lasithionense	100.0	34	0.000508	63.9	seq0180.tsv	True	False	cellular organisms; Eukaryota; Opisthokonta; Metazoa; Eumetazoa; Bilateria; Protostomia; Spiralia; Lophotrochozoa; Mollusca; Gastropoda; Heterobranchia; Euthyneura; Panpulmonata; Eupulmonata; Stylommatophora; Helicina; Limacoidea; Agriolimacidae; Deroceras
Cruci_CruV_240	OZ024808	161078	Omphiscola glabra	97.297	37	0.000508	63.9	seq0180.tsv	True	False	cellular organisms; Eukaryota; Opisthokonta; Metazoa; Eumetazoa; Bilateria; Protostomia; Spiralia; Lophotrochozoa; Mollusca; Gastropoda; Heterobranchia; Euthyneura; Panpulmonata; Hygrophila; Lymnaeoidea; Lymnaeidae; Omphiscola
Cruci_CruV_240	OZ259490	184666	Rhynchostegium confertum	88.462	52	0.002	62.1	seq0180.tsv	True	False	cellular organisms; Eukaryota; Viridiplantae; Streptophyta; Streptophytina; Embryophyta; Bryophyta; Bryophytina; Bryopsida; Bryidae; Hypnanae; Hypnales; Brachytheciaceae; Rhynchostegium
Cruci_CruV_240	OZ210565	186693	Isopterygiella pulchella	100.0	33	0.002	62.1	seq0180.tsv	True	False	cellular organisms; Eukaryota; Viridiplantae; Streptophyta; Streptophytina; Embryophyta; Bryophyta; Bryophytina; Bryopsida; Bryidae; Hypnanae; Hypnales; Plagiotheciaceae; Isopterygiella
Cruci_CruV_241	OY540801	1902997	Ptychoptera albimana	97.222	36	0.002	62.1	seq0181.tsv	True	False	cellular organisms; Eukaryota; Opisthokonta; Metazoa; Eumetazoa; Bilateria; Protostomia; Ecdysozoa; Panarthropoda; Arthropoda; Mandibulata; Pancrustacea; Hexapoda; Insecta; Dicondylia; Pterygota; Neoptera; Endopterygota; Diptera; Nematocera; Ptychopteromorpha; Ptychopteridae; Ptychopterinae; Ptychoptera
Cruci_CruV_250	CP130727	2903678	Streptomyces sp. NBC_00828	100.0	32	0.007	60.2	seq0190.tsv	True	False	cellular organisms; Bacteria; Bacillati; Actinomycetota; Actinomycetes; Kitasatosporales; Streptomycetaceae; Streptomyces; unclassified Streptomyces
Cruci_CruV_250	CP108872	2903677	Streptomyces sp. NBC_00827	100.0	32	0.007	60.2	seq0190.tsv	True	False	cellular organisms; Bacteria; Bacillati; Actinomycetota; Actinomycetes; Kitasatosporales; Streptomycetaceae; Streptomyces; unclassified Streptomyces
Cruci_CruV_251	CP130727	2903678	Streptomyces sp. NBC_00828	100.0	32	0.007	60.2	seq0191.tsv	True	False	cellular organisms; Bacteria; Bacillati; Actinomycetota; Actinomycetes; Kitasatosporales; Streptomycetaceae; Streptomyces; unclassified Streptomyces
Cruci_CruV_251	CP108872	2903677	Streptomyces sp. NBC_00827	100.0	32	0.007	60.2	seq0191.tsv	True	False	cellular organisms; Bacteria; Bacillati; Actinomycetota; Actinomycetes; Kitasatosporales; Streptomycetaceae; Streptomyces; unclassified Streptomyces
Cruci_CruV_263	LR991085	78897	Lymantria monacha	94.872	39	0.002	62.1	seq0203.tsv	True	False	cellular organisms; Eukaryota; Opisthokonta; Metazoa; Eumetazoa; Bilateria; Protostomia; Ecdysozoa; Panarthropoda; Arthropoda; Mandibulata; Pancrustacea; Hexapoda; Insecta; Dicondylia; Pterygota; Neoptera; Endopterygota; Amphiesmenoptera; Lepidoptera; Glossata; Neolepidoptera; Heteroneura; Ditrysia; Obtectomera; Noctuoidea; Erebidae; Lymantriinae; Lymantria
Cruci_CruV_279	OX457053	6398	Lumbricus terrestris	95.122	41	0.000146	65.8	seq0219.tsv	True	False	cellular organisms; Eukaryota; Opisthokonta; Metazoa; Eumetazoa; Bilateria; Protostomia; Spiralia; Lophotrochozoa; Annelida; Clitellata; Oligochaeta; Crassiclitellata; Lumbricina; Lumbricidae; Lumbricinae; Lumbricus; Lumbricus terrestris complex
Cruci_CruV_279	OX030962	60958	Piscicola geometra	97.368	38	0.000146	65.8	seq0219.tsv	True	False	cellular organisms; Eukaryota; Opisthokonta; Metazoa; Eumetazoa; Bilateria; Protostomia; Spiralia; Lophotrochozoa; Annelida; Clitellata; Hirudinea; Hirudinida; Oceanobdelliformes; Piscicolidae; Piscicola
